context|end|flags|hp_id|index|line|match|names|negated|pat_id|relevant|score|section|start
Search within<br>Login / Register<br>Clinical GeneticsVolume 91, Issue 6<br>. <br>. SHORT REPORT<br>Full Access<br>. <h1>Bi allelic  mutations in a child with intra uterine growth retardation, neonatal cholestasis, and mild developmental delay<br></h1>. <br>First published: 28 November 2016<br>. https://doi-org.proxy.library.uu.nl/10.1111/cge.12930Citations: 8<br><h5><br>|693.0|set()|HP:0001510|0.0|<h1>Bi allelic  mutations in a child with intra uterine growth retardation, neonatal cholestasis, and mild developmental delay<br></h1>|growth retardation|['Growth delay', 'Delayed growth', 'Growth deficiency', 'Growth delay', 'Growth failure', 'Growth retardation', 'Poor growth', 'Retarded growth', 'Very poor growth']|0.0|None|0.0|0.9823233|Unassigned|675.0
Search within<br>Login / Register<br>Clinical GeneticsVolume 91, Issue 6<br>. <br>. SHORT REPORT<br>Full Access<br>. <h1>Bi allelic  mutations in a child with intra uterine growth retardation, neonatal cholestasis, and mild developmental delay<br></h1>. <br>First published: 28 November 2016<br>. https://doi-org.proxy.library.uu.nl/10.1111/cge.12930Citations: 8<br><h5><br>|674.0|set()|HP:0000130|0.0|<h1>Bi allelic  mutations in a child with intra uterine growth retardation, neonatal cholestasis, and mild developmental delay<br></h1>|uterine|['Abnormality of the uterus', 'Abnormality of the uterus', 'Uterine abnormalities', 'Uterine malformations']|0.0|None|0.0|0.8669952|Unassigned|667.0
Search within<br>Login / Register<br>Clinical GeneticsVolume 91, Issue 6<br>. <br>. SHORT REPORT<br>Full Access<br>. <h1>Bi allelic  mutations in a child with intra uterine growth retardation, neonatal cholestasis, and mild developmental delay<br></h1>. <br>First published: 28 November 2016<br>. https://doi-org.proxy.library.uu.nl/10.1111/cge.12930Citations: 8<br><h5><br>|715.0|set()|HP:0001396|0.0|<h1>Bi allelic  mutations in a child with intra uterine growth retardation, neonatal cholestasis, and mild developmental delay<br></h1>|cholestasis|['Cholestasis', 'Slowed or blocked flow of bile from liver']|0.0|None|0.0|0.98234975|Unassigned|704.0
Search within<br>Login / Register<br>Clinical GeneticsVolume 91, Issue 6<br>. <br>. SHORT REPORT<br>Full Access<br>. <h1>Bi allelic  mutations in a child with intra uterine growth retardation, neonatal cholestasis, and mild developmental delay<br></h1>. <br>First published: 28 November 2016<br>. https://doi-org.proxy.library.uu.nl/10.1111/cge.12930Citations: 8<br><h5><br>|745.0|set()|HP:0011342|0.0|<h1>Bi allelic  mutations in a child with intra uterine growth retardation, neonatal cholestasis, and mild developmental delay<br></h1>|mild developmental delay|['Mild global developmental delay', 'Global developmental delay, mild', 'Psychomotor retardation, mild']|0.0|None|0.0|0.979057|Unassigned|721.0
|149.0|set()|HP:0001510|1.0|DOI: https://onlinelibrary.wiley.com/doi/full/10.1111/cge.12930<br><br><br>Bi allelic IARS mutations in a child with intra uterine growth retardation, neonatal cholestasis, and mild developmental delay - Orenstein - 2017 - Clinical Genetics - Wiley Online Library<br>Working off-campus?|growth retardation|['Growth delay', 'Delayed growth', 'Growth deficiency', 'Growth delay', 'Growth failure', 'Growth retardation', 'Poor growth', 'Retarded growth', 'Very poor growth']|0.0|None|0.0|0.9823233|Unassigned|131.0
|130.0|set()|HP:0000130|1.0|DOI: https://onlinelibrary.wiley.com/doi/full/10.1111/cge.12930<br><br><br>Bi allelic IARS mutations in a child with intra uterine growth retardation, neonatal cholestasis, and mild developmental delay - Orenstein - 2017 - Clinical Genetics - Wiley Online Library<br>Working off-campus?|uterine|['Abnormality of the uterus', 'Abnormality of the uterus', 'Uterine abnormalities', 'Uterine malformations']|0.0|None|0.0|0.8669952|Unassigned|123.0
|171.0|set()|HP:0001396|1.0|DOI: https://onlinelibrary.wiley.com/doi/full/10.1111/cge.12930<br><br><br>Bi allelic IARS mutations in a child with intra uterine growth retardation, neonatal cholestasis, and mild developmental delay - Orenstein - 2017 - Clinical Genetics - Wiley Online Library<br>Working off-campus?|cholestasis|['Cholestasis', 'Slowed or blocked flow of bile from liver']|0.0|None|0.0|0.98234975|Unassigned|160.0
|201.0|set()|HP:0011342|1.0|DOI: https://onlinelibrary.wiley.com/doi/full/10.1111/cge.12930<br><br><br>Bi allelic IARS mutations in a child with intra uterine growth retardation, neonatal cholestasis, and mild developmental delay - Orenstein - 2017 - Clinical Genetics - Wiley Online Library<br>Working off-campus?|mild developmental delay|['Mild global developmental delay', 'Global developmental delay, mild', 'Psychomotor retardation, mild']|0.0|None|0.0|0.979057|Unassigned|177.0
Share on<br><h2>Abstract</h2>. <br>. <br>. Recently, bi allelic mutations in cytosolic isoleucyl tRNA synthetase () have been described in three individuals with growth delay, hepatic dysfunction, and neurodevelopmental disabilities.. Here we report an additional subject with this condition identified by whole exome sequencing.. Our findings support the association between this disorder and neonatal cholestasis with distinct liver pathology.|425.0|{'individuals'}|HP:0001410|2.0|Recently, bi allelic mutations in cytosolic isoleucyl tRNA synthetase () have been described in three individuals with growth delay, hepatic dysfunction, and neurodevelopmental disabilities.|hepatic dysfunction|['Decreased liver function', 'Decreased liver function', 'Liver dysfunction', 'Liver dysfunction, mild']|0.0|None|1.0|0.96137255|Abstract|406.0
Share on<br><h2>Abstract</h2>. <br>. <br>. Recently, bi allelic mutations in cytosolic isoleucyl tRNA synthetase () have been described in three individuals with growth delay, hepatic dysfunction, and neurodevelopmental disabilities.. Here we report an additional subject with this condition identified by whole exome sequencing.. Our findings support the association between this disorder and neonatal cholestasis with distinct liver pathology.|404.0|{'individuals'}|HP:0001510|2.0|Recently, bi allelic mutations in cytosolic isoleucyl tRNA synthetase () have been described in three individuals with growth delay, hepatic dysfunction, and neurodevelopmental disabilities.|growth delay|['Growth delay', 'Delayed growth', 'Growth deficiency', 'Growth delay', 'Growth failure', 'Growth retardation', 'Poor growth', 'Retarded growth', 'Very poor growth']|0.0|None|1.0|0.99463415|Abstract|392.0
<br>. Recently, bi allelic mutations in cytosolic isoleucyl tRNA synthetase () have been described in three individuals with growth delay, hepatic dysfunction, and neurodevelopmental disabilities.. Here we report an additional subject with this condition identified by whole exome sequencing.. Our findings support the association between this disorder and neonatal cholestasis with distinct liver pathology.. Furthermore, we provide functional data on two novel missense substitutions and expand the phenotype to include mild developmental delay, skin hyper elasticity, and hypervitaminosis D.<br>Aminoacyl tRNA synthetases (ARSs) are ubiquitously expressed, highly conserved enzymes involved in attaching the appropriate amino acid to tRNA to enable protein synthesis 1.. All ARSs contain catalytic and anticodon recognition domains to catalyze the aminoacylation reactions specific for their cognate amino acids 2.|672.0|{'association'}|HP:0001392|3.0|Our findings support the association between this disorder and neonatal cholestasis with distinct liver pathology.|liver pathology|['Abnormality of the liver', 'Abnormal liver', 'Abnormality of the liver', 'Liver abnormality', 'Liver disease']|0.0|None|1.0|0.88758457|Abstract|657.0
<br>. Recently, bi allelic mutations in cytosolic isoleucyl tRNA synthetase () have been described in three individuals with growth delay, hepatic dysfunction, and neurodevelopmental disabilities.. Here we report an additional subject with this condition identified by whole exome sequencing.. Our findings support the association between this disorder and neonatal cholestasis with distinct liver pathology.. Furthermore, we provide functional data on two novel missense substitutions and expand the phenotype to include mild developmental delay, skin hyper elasticity, and hypervitaminosis D.<br>Aminoacyl tRNA synthetases (ARSs) are ubiquitously expressed, highly conserved enzymes involved in attaching the appropriate amino acid to tRNA to enable protein synthesis 1.. All ARSs contain catalytic and anticodon recognition domains to catalyze the aminoacylation reactions specific for their cognate amino acids 2.|642.0|{'association'}|HP:0001396|3.0|Our findings support the association between this disorder and neonatal cholestasis with distinct liver pathology.|cholestasis|['Cholestasis', 'Slowed or blocked flow of bile from liver']|0.0|None|1.0|0.98234975|Abstract|631.0
Recently, bi allelic mutations in cytosolic isoleucyl tRNA synthetase () have been described in three individuals with growth delay, hepatic dysfunction, and neurodevelopmental disabilities.. Here we report an additional subject with this condition identified by whole exome sequencing.. Our findings support the association between this disorder and neonatal cholestasis with distinct liver pathology.. Furthermore, we provide functional data on two novel missense substitutions and expand the phenotype to include mild developmental delay, skin hyper elasticity, and hypervitaminosis D.<br>Aminoacyl tRNA synthetases (ARSs) are ubiquitously expressed, highly conserved enzymes involved in attaching the appropriate amino acid to tRNA to enable protein synthesis 1.. All ARSs contain catalytic and anticodon recognition domains to catalyze the aminoacylation reactions specific for their cognate amino acids 2.. Some ARSs harbor non canonical domains with various activities including regulation of gene transcription and expression.|810.0|set()|HP:0011342|4.0|Furthermore, we provide functional data on two novel missense substitutions and expand the phenotype to include mild developmental delay, skin hyper elasticity, and hypervitaminosis D.<br>Aminoacyl tRNA synthetases (ARSs) are ubiquitously expressed, highly conserved enzymes involved in attaching the appropriate amino acid to tRNA to enable protein synthesis 1.|mild developmental delay|['Mild global developmental delay', 'Global developmental delay, mild', 'Psychomotor retardation, mild']|1.0|None|1.0|0.979057|Abstract|786.0
All ARSs contain catalytic and anticodon recognition domains to catalyze the aminoacylation reactions specific for their cognate amino acids 2.. Some ARSs harbor non canonical domains with various activities including regulation of gene transcription and expression.. In the past decade mutations in a growing number of ARSs were linked to human disease 3, 4.. Four human cytosolic ARSs have been implicated in autosomal dominant Charcot-Marie-Tooth disease 2, 5-7 and mutations in mitochondrial ARSs cause a spectrum of mitochondrial disorders 8.. Recently, Kopajtich et al.. reported three individuals harboring bi allelic mutations in cytosolic isoleucyl tRNA synthetase () (MIM: 600709).|1471.0|set()|HP:0002821|5.0|Four human cytosolic ARSs have been implicated in autosomal dominant Charcot-Marie-Tooth disease 2, 5-7 and mutations in mitochondrial ARSs cause a spectrum of mitochondrial disorders 8.|Charcot|['Neuropathic arthropathy', 'Charcot arthropathy', 'Charcot joint']|0.0|None|1.0|0.97555494|Abstract|1464.0
Four human cytosolic ARSs have been implicated in autosomal dominant Charcot-Marie-Tooth disease 2, 5-7 and mutations in mitochondrial ARSs cause a spectrum of mitochondrial disorders 8.. Recently, Kopajtich et al.. reported three individuals harboring bi allelic mutations in cytosolic isoleucyl tRNA synthetase () (MIM: 600709).. These individuals had a distinct syndrome of prenatal onset growth retardation, intellectual disability, and liver dysfunction 9.. Here, we report an additional subject with bi allelic missense substitutions in  and overlapping clinical findings.. This report confirms the association with neonatal cholestasis, expands the  related phenotype and provides functional data on two pathogenic variants detected in a family of Arab descent.<br><h2> Materials and methods</h2>|268.0|{'individuals'}|HP:0001410|6.0|These individuals had a distinct syndrome of prenatal onset growth retardation, intellectual disability, and liver dysfunction 9.|liver dysfunction|['Decreased liver function', 'Decreased liver function', 'Liver dysfunction', 'Liver dysfunction, mild']|0.0|None|1.0|0.99116755|Abstract|251.0
Four human cytosolic ARSs have been implicated in autosomal dominant Charcot-Marie-Tooth disease 2, 5-7 and mutations in mitochondrial ARSs cause a spectrum of mitochondrial disorders 8.. Recently, Kopajtich et al.. reported three individuals harboring bi allelic mutations in cytosolic isoleucyl tRNA synthetase () (MIM: 600709).. These individuals had a distinct syndrome of prenatal onset growth retardation, intellectual disability, and liver dysfunction 9.. Here, we report an additional subject with bi allelic missense substitutions in  and overlapping clinical findings.. This report confirms the association with neonatal cholestasis, expands the  related phenotype and provides functional data on two pathogenic variants detected in a family of Arab descent.<br><h2> Materials and methods</h2>|220.0|{'individuals'}|HP:0001511|6.0|These individuals had a distinct syndrome of prenatal onset growth retardation, intellectual disability, and liver dysfunction 9.|prenatal onset growth retardation|['Intrauterine growth retardation', 'In utero growth retardation', 'Intrauterine growth failure', 'Intrauterine growth restriction', 'Intrauterine growth retardation, IUGR', 'Intrauterine retardation', 'IUGR', 'Prenatal growth deficiency', 'Prenatal growth failure', 'Prenatal growth retardation', 'Prenatal onset growth retardation', 'Prenatal-onset growth retardation', 'Small for gestational age infant']|0.0|None|1.0|0.9968729|Abstract|187.0
Four human cytosolic ARSs have been implicated in autosomal dominant Charcot-Marie-Tooth disease 2, 5-7 and mutations in mitochondrial ARSs cause a spectrum of mitochondrial disorders 8.. Recently, Kopajtich et al.. reported three individuals harboring bi allelic mutations in cytosolic isoleucyl tRNA synthetase () (MIM: 600709).. These individuals had a distinct syndrome of prenatal onset growth retardation, intellectual disability, and liver dysfunction 9.. Here, we report an additional subject with bi allelic missense substitutions in  and overlapping clinical findings.. This report confirms the association with neonatal cholestasis, expands the  related phenotype and provides functional data on two pathogenic variants detected in a family of Arab descent.<br><h2> Materials and methods</h2>|245.0|{'individuals'}|HP:0001249|6.0|These individuals had a distinct syndrome of prenatal onset growth retardation, intellectual disability, and liver dysfunction 9.|intellectual disability|['Intellectual disability', 'Dull intelligence', 'Intellectual disability', 'Low intelligence', 'Mental deficiency', 'Mental retardation', 'Mental retardation, nonspecific', 'Mental-retardation', 'Nonprogressive intellectual disability', 'Nonprogressive mental retardation', 'Poor school performance']|0.0|None|1.0|0.9938634|Abstract|222.0
reported three individuals harboring bi allelic mutations in cytosolic isoleucyl tRNA synthetase () (MIM: 600709).. These individuals had a distinct syndrome of prenatal onset growth retardation, intellectual disability, and liver dysfunction 9.. Here, we report an additional subject with bi allelic missense substitutions in  and overlapping clinical findings.. This report confirms the association with neonatal cholestasis, expands the  related phenotype and provides functional data on two pathogenic variants detected in a family of Arab descent.<br><h2> Materials and methods</h2>. <br>. <br>|450.0|{'association', 'report'}|HP:0001396|7.0|This report confirms the association with neonatal cholestasis, expands the  related phenotype and provides functional data on two pathogenic variants detected in a family of Arab descent.<br><h2> Materials and methods</h2>|cholestasis|['Cholestasis', 'Slowed or blocked flow of bile from liver']|1.0|None|1.0|0.98234975| Materials and methods|439.0
<br>. The proband is the third son of nonconsanguineous parents of Arab descent.. The pregnancy was complicated by abnormal first trimester screening with 1:35 risk for Down syndrome due to increased bHCG.. Anatomic ultrasound at 18 weeks was normal, but at 24 weeks decreased growth was noted.. During the third trimester there was growth delay and oligohydramnios.. He was delivered via spontaneous vaginal delivery at 37 weeks gestation.|981.0|set()|HP:0001510|8.0|Anatomic ultrasound at 18 weeks was normal, but at 24 weeks decreased growth was noted.|decreased growth|['Growth delay', 'Delayed growth', 'Growth deficiency', 'Growth delay', 'Growth failure', 'Growth retardation', 'Poor growth', 'Retarded growth', 'Very poor growth']|0.0|None|1.0|0.97247076| Case description|965.0
The proband is the third son of nonconsanguineous parents of Arab descent.. The pregnancy was complicated by abnormal first trimester screening with 1:35 risk for Down syndrome due to increased bHCG.. Anatomic ultrasound at 18 weeks was normal, but at 24 weeks decreased growth was noted.. During the third trimester there was growth delay and oligohydramnios.. He was delivered via spontaneous vaginal delivery at 37 weeks gestation.. The birth weight was 1840 g ( = -2.52) and the head circumference (HC) was 29.7 cm ( = -2.6).|1062.0|set()|HP:0001511|9.0|During the third trimester there was growth delay and oligohydramnios.|growth delay and oligohydramnios|['Intrauterine growth retardation', 'In utero growth retardation', 'Intrauterine growth failure', 'Intrauterine growth restriction', 'Intrauterine growth retardation, IUGR', 'Intrauterine retardation', 'IUGR', 'Prenatal growth deficiency', 'Prenatal growth failure', 'Prenatal growth retardation', 'Prenatal onset growth retardation', 'Prenatal-onset growth retardation', 'Small for gestational age infant']|0.0|None|1.0|0.83401406| Case description|1030.0
The pregnancy was complicated by abnormal first trimester screening with 1:35 risk for Down syndrome due to increased bHCG.. Anatomic ultrasound at 18 weeks was normal, but at 24 weeks decreased growth was noted.. During the third trimester there was growth delay and oligohydramnios.. He was delivered via spontaneous vaginal delivery at 37 weeks gestation.. The birth weight was 1840 g ( = -2.52) and the head circumference (HC) was 29.7 cm ( = -2.6).. The Apgar scores were 9 and 10 at 1 and 5 min, respectively.|1113.0|set()|HP:0030369|10.0|He was delivered via spontaneous vaginal delivery at 37 weeks gestation.|spontaneous vaginal delivery|['Induced vaginal delivery']|0.0|None|1.0|0.88967526| Case description|1085.0
During the third trimester there was growth delay and oligohydramnios.. He was delivered via spontaneous vaginal delivery at 37 weeks gestation.. The birth weight was 1840 g ( = -2.52) and the head circumference (HC) was 29.7 cm ( = -2.6).. The Apgar scores were 9 and 10 at 1 and 5 min, respectively.. He was admitted to the NICU for low birth weight and hypoglycemia (27 mg/dl) that resolved with feeding.. During his admission he developed direct hyperbilirubinemia up to 7.5 mg/dl, increased alkaline phosphatase 1450 (U/l) and GGT 311 (U/l).|1247.0|set()|HP:0030917|11.0|The Apgar scores were 9 and 10 at 1 and 5 min, respectively.|Apgar scores|['Low APGAR score']|0.0|None|1.0|0.8332055| Case description|1235.0
He was delivered via spontaneous vaginal delivery at 37 weeks gestation.. The birth weight was 1840 g ( = -2.52) and the head circumference (HC) was 29.7 cm ( = -2.6).. The Apgar scores were 9 and 10 at 1 and 5 min, respectively.. He was admitted to the NICU for low birth weight and hypoglycemia (27 mg/dl) that resolved with feeding.. During his admission he developed direct hyperbilirubinemia up to 7.5 mg/dl, increased alkaline phosphatase 1450 (U/l) and GGT 311 (U/l).. He had abnormal liver enzymes GOT 200 (U/l), GPT 108 (U/l), hypoalbuminemia and hyperammonemia (139).|48.0|set()|HP:0001518|12.0|He was admitted to the NICU for low birth weight and hypoglycemia (27 mg/dl) that resolved with feeding.|low birth weight|['Small for gestational age', 'Birth weight less than 10th percentile', 'Low birth weight', 'Small for gestational age']|0.0|None|1.0|0.99037397| Case description|32.0
He was delivered via spontaneous vaginal delivery at 37 weeks gestation.. The birth weight was 1840 g ( = -2.52) and the head circumference (HC) was 29.7 cm ( = -2.6).. The Apgar scores were 9 and 10 at 1 and 5 min, respectively.. He was admitted to the NICU for low birth weight and hypoglycemia (27 mg/dl) that resolved with feeding.. During his admission he developed direct hyperbilirubinemia up to 7.5 mg/dl, increased alkaline phosphatase 1450 (U/l) and GGT 311 (U/l).. He had abnormal liver enzymes GOT 200 (U/l), GPT 108 (U/l), hypoalbuminemia and hyperammonemia (139).|65.0|set()|HP:0001943|12.0|He was admitted to the NICU for low birth weight and hypoglycemia (27 mg/dl) that resolved with feeding.|hypoglycemia|['Hypoglycemia', 'Hypoglycaemia', 'Low blood sugar']|0.0|None|1.0|0.9824594| Case description|53.0
The Apgar scores were 9 and 10 at 1 and 5 min, respectively.. He was admitted to the NICU for low birth weight and hypoglycemia (27 mg/dl) that resolved with feeding.. During his admission he developed direct hyperbilirubinemia up to 7.5 mg/dl, increased alkaline phosphatase 1450 (U/l) and GGT 311 (U/l).. He had abnormal liver enzymes GOT 200 (U/l), GPT 108 (U/l), hypoalbuminemia and hyperammonemia (139).. He was treated with vitamin K and fresh frozen plasma because his blood did not clot and INR was not measurable, with improvement in the INR (1.5) that later on normalized.. Treatment with Ursodeoxycholic acid was initiated and he received Pregestimil per nasogastric (NG) tube.|318.0|set()|HP:0003073|13.0|He had abnormal liver enzymes GOT 200 (U/l), GPT 108 (U/l), hypoalbuminemia and hyperammonemia (139).|hypoalbuminemia|['Hypoalbuminemia', 'Hypoalbuminaemia', 'Low albumin', 'Low blood albumin']|1.0|None|1.0|0.99461| Case description|303.0
The Apgar scores were 9 and 10 at 1 and 5 min, respectively.. He was admitted to the NICU for low birth weight and hypoglycemia (27 mg/dl) that resolved with feeding.. During his admission he developed direct hyperbilirubinemia up to 7.5 mg/dl, increased alkaline phosphatase 1450 (U/l) and GGT 311 (U/l).. He had abnormal liver enzymes GOT 200 (U/l), GPT 108 (U/l), hypoalbuminemia and hyperammonemia (139).. He was treated with vitamin K and fresh frozen plasma because his blood did not clot and INR was not measurable, with improvement in the INR (1.5) that later on normalized.. Treatment with Ursodeoxycholic acid was initiated and he received Pregestimil per nasogastric (NG) tube.|337.0|set()|HP:0001987|13.0|He had abnormal liver enzymes GOT 200 (U/l), GPT 108 (U/l), hypoalbuminemia and hyperammonemia (139).|hyperammonemia|['Hyperammonemia', 'High blood ammonia levels']|1.0|None|1.0|0.98517597| Case description|323.0
The Apgar scores were 9 and 10 at 1 and 5 min, respectively.. He was admitted to the NICU for low birth weight and hypoglycemia (27 mg/dl) that resolved with feeding.. During his admission he developed direct hyperbilirubinemia up to 7.5 mg/dl, increased alkaline phosphatase 1450 (U/l) and GGT 311 (U/l).. He had abnormal liver enzymes GOT 200 (U/l), GPT 108 (U/l), hypoalbuminemia and hyperammonemia (139).. He was treated with vitamin K and fresh frozen plasma because his blood did not clot and INR was not measurable, with improvement in the INR (1.5) that later on normalized.. Treatment with Ursodeoxycholic acid was initiated and he received Pregestimil per nasogastric (NG) tube.|264.0|set()|HP:0001392|13.0|He had abnormal liver enzymes GOT 200 (U/l), GPT 108 (U/l), hypoalbuminemia and hyperammonemia (139).|abnormal liver|['Abnormality of the liver', 'Abnormal liver', 'Abnormality of the liver', 'Liver abnormality', 'Liver disease']|1.0|None|1.0|0.97236013| Case description|250.0
The birth weight was 1840 g ( = -2.52) and the head circumference (HC) was 29.7 cm ( = -2.6).. The Apgar scores were 9 and 10 at 1 and 5 min, respectively.. He was admitted to the NICU for low birth weight and hypoglycemia (27 mg/dl) that resolved with feeding.. During his admission he developed direct hyperbilirubinemia up to 7.5 mg/dl, increased alkaline phosphatase 1450 (U/l) and GGT 311 (U/l).. He had abnormal liver enzymes GOT 200 (U/l), GPT 108 (U/l), hypoalbuminemia and hyperammonemia (139).. He was treated with vitamin K and fresh frozen plasma because his blood did not clot and INR was not measurable, with improvement in the INR (1.5) that later on normalized.|164.0|set()|HP:0002908|14.0|During his admission he developed direct hyperbilirubinemia up to 7.5 mg/dl, increased alkaline phosphatase 1450 (U/l) and GGT 311 (U/l).|direct hyperbilirubinemia|['Conjugated hyperbilirubinemia', 'Direct hyperbilirubinemia']|0.0|None|1.0|0.9844651| Case description|139.0
The birth weight was 1840 g ( = -2.52) and the head circumference (HC) was 29.7 cm ( = -2.6).. The Apgar scores were 9 and 10 at 1 and 5 min, respectively.. He was admitted to the NICU for low birth weight and hypoglycemia (27 mg/dl) that resolved with feeding.. During his admission he developed direct hyperbilirubinemia up to 7.5 mg/dl, increased alkaline phosphatase 1450 (U/l) and GGT 311 (U/l).. He had abnormal liver enzymes GOT 200 (U/l), GPT 108 (U/l), hypoalbuminemia and hyperammonemia (139).. He was treated with vitamin K and fresh frozen plasma because his blood did not clot and INR was not measurable, with improvement in the INR (1.5) that later on normalized.|212.0|set()|HP:0003155|14.0|During his admission he developed direct hyperbilirubinemia up to 7.5 mg/dl, increased alkaline phosphatase 1450 (U/l) and GGT 311 (U/l).|increased alkaline phosphatase|['Elevated alkaline phosphatase', 'Elevated alkaline phosphatase', 'Elevated ALP', 'Greatly elevated alkaline phosphatase', 'High serum alkaline phosphatase', 'Hyperphosphatasemia', 'Hyperphosphatasia', 'Increased alkaline phosphatase', 'Increased serum alkaline phosphatase']|0.0|None|1.0|0.99507713| Case description|182.0
He was admitted to the NICU for low birth weight and hypoglycemia (27 mg/dl) that resolved with feeding.. During his admission he developed direct hyperbilirubinemia up to 7.5 mg/dl, increased alkaline phosphatase 1450 (U/l) and GGT 311 (U/l).. He had abnormal liver enzymes GOT 200 (U/l), GPT 108 (U/l), hypoalbuminemia and hyperammonemia (139).. He was treated with vitamin K and fresh frozen plasma because his blood did not clot and INR was not measurable, with improvement in the INR (1.5) that later on normalized.. Treatment with Ursodeoxycholic acid was initiated and he received Pregestimil per nasogastric (NG) tube.. He had a normal echocardiogram.|437.0|{'not'}|HP:0008151|15.0|He was treated with vitamin K and fresh frozen plasma because his blood did not clot and INR was not measurable, with improvement in the INR (1.5) that later on normalized.|INR|['Prolonged prothrombin time', 'Increased INR', 'increased international normalised ratio', 'Increased international normalized ratio', 'Low factor II activity', 'Prolonged PT', 'Reduced factor II activity', 'Reduced prothrombin activity']|0.0|None|1.0|0.90531605| Case description|434.0
He was admitted to the NICU for low birth weight and hypoglycemia (27 mg/dl) that resolved with feeding.. During his admission he developed direct hyperbilirubinemia up to 7.5 mg/dl, increased alkaline phosphatase 1450 (U/l) and GGT 311 (U/l).. He had abnormal liver enzymes GOT 200 (U/l), GPT 108 (U/l), hypoalbuminemia and hyperammonemia (139).. He was treated with vitamin K and fresh frozen plasma because his blood did not clot and INR was not measurable, with improvement in the INR (1.5) that later on normalized.. Treatment with Ursodeoxycholic acid was initiated and he received Pregestimil per nasogastric (NG) tube.. He had a normal echocardiogram.|485.0|{'not'}|HP:0008151|15.0|He was treated with vitamin K and fresh frozen plasma because his blood did not clot and INR was not measurable, with improvement in the INR (1.5) that later on normalized.|INR|['Prolonged prothrombin time', 'Increased INR', 'increased international normalised ratio', 'Increased international normalized ratio', 'Low factor II activity', 'Prolonged PT', 'Reduced factor II activity', 'Reduced prothrombin activity']|0.0|None|1.0|0.90531605| Case description|482.0
He had abnormal liver enzymes GOT 200 (U/l), GPT 108 (U/l), hypoalbuminemia and hyperammonemia (139).. He was treated with vitamin K and fresh frozen plasma because his blood did not clot and INR was not measurable, with improvement in the INR (1.5) that later on normalized.. Treatment with Ursodeoxycholic acid was initiated and he received Pregestimil per nasogastric (NG) tube.. He had a normal echocardiogram.. On abdominal US the liver was normal in size and texture.. There was a duplicated collecting system on the left and mild bilateral hydronephrosis.|653.0|{'normal'}|HP:0003116|16.0|He had a normal echocardiogram.|echocardiogram|['Abnormal echocardiogram', 'Abnormal echocardiogram', 'Abnormal echocardiography']|1.0|None|1.0|0.96809685| Case description|639.0
He was treated with vitamin K and fresh frozen plasma because his blood did not clot and INR was not measurable, with improvement in the INR (1.5) that later on normalized.. Treatment with Ursodeoxycholic acid was initiated and he received Pregestimil per nasogastric (NG) tube.. He had a normal echocardiogram.. On abdominal US the liver was normal in size and texture.. There was a duplicated collecting system on the left and mild bilateral hydronephrosis.. A HIDA scan was normal with no evidence of obstruction.|680.0|{'normal'}|HP:0001392|17.0|On abdominal US the liver was normal in size and texture.|liver|['Abnormality of the liver', 'Abnormal liver', 'Abnormality of the liver', 'Liver abnormality', 'Liver disease']|0.0|None|1.0|0.8399474| Case description|675.0
Treatment with Ursodeoxycholic acid was initiated and he received Pregestimil per nasogastric (NG) tube.. He had a normal echocardiogram.. On abdominal US the liver was normal in size and texture.. There was a duplicated collecting system on the left and mild bilateral hydronephrosis.. A HIDA scan was normal with no evidence of obstruction.. A core needle biopsy of the liver was performed at the age of 1 month (Fig.|753.0|set()|HP:0000081|18.0|There was a duplicated collecting system on the left and mild bilateral hydronephrosis.|duplicated collecting system|['Duplicated collecting system', 'Double collecting system', 'Double urinary collecting systems on intravenous pyelography', 'Duplex collecting system', 'Duplicated renal collecting system']|0.0|None|1.0|0.99672997| Case description|725.0
Treatment with Ursodeoxycholic acid was initiated and he received Pregestimil per nasogastric (NG) tube.. He had a normal echocardiogram.. On abdominal US the liver was normal in size and texture.. There was a duplicated collecting system on the left and mild bilateral hydronephrosis.. A HIDA scan was normal with no evidence of obstruction.. A core needle biopsy of the liver was performed at the age of 1 month (Fig.|799.0|set()|HP:0000126|18.0|There was a duplicated collecting system on the left and mild bilateral hydronephrosis.|hydronephrosis|['Hydronephrosis']|0.0|None|1.0|0.9902045| Case description|785.0
On abdominal US the liver was normal in size and texture.. There was a duplicated collecting system on the left and mild bilateral hydronephrosis.. A HIDA scan was normal with no evidence of obstruction.. A core needle biopsy of the liver was performed at the age of 1 month (Fig.. 1a).. The lobular architecture was preserved, with bile stasis in hepatocytes.|890.0|set()|HP:0001392|19.0|A core needle biopsy of the liver was performed at the age of 1 month (Fig.|liver|['Abnormality of the liver', 'Abnormal liver', 'Abnormality of the liver', 'Liver abnormality', 'Liver disease']|0.0|None|1.0|0.8399474| Case description|885.0
1a).. The lobular architecture was preserved, with bile stasis in hepatocytes.. Fibrosis with new vessel formation was seen in portal spaces.. No bile duct was traced in eight portal spaces.. Bile ductular proliferation was seen and demonstrated by immunostain for cytokeratin (CK).. Gradually the jaundice resolved and the liver enzymes normalized.|1148.0|{'no'}|HP:0001408|20.0|No bile duct was traced in eight portal spaces.|Bile ductular proliferation|['Bile duct proliferation', 'Proliferation of bile canaliculi']|1.0|None|1.0|0.93137693| Case description|1121.0
A HIDA scan was normal with no evidence of obstruction.. A core needle biopsy of the liver was performed at the age of 1 month (Fig.. 1a).. The lobular architecture was preserved, with bile stasis in hepatocytes.. Fibrosis with new vessel formation was seen in portal spaces.. No bile duct was traced in eight portal spaces.|1009.0|set()|HP:0031137|21.0|The lobular architecture was preserved, with bile stasis in hepatocytes.|in hepatocytes|['Storage in hepatocytes']|0.0|None|1.0|0.8554918| Case description|995.0
Fibrosis with new vessel formation was seen in portal spaces.. No bile duct was traced in eight portal spaces.. Bile ductular proliferation was seen and demonstrated by immunostain for cytokeratin (CK).. Gradually the jaundice resolved and the liver enzymes normalized.. He had increased levels of 25 hydroxy vitamin D (up to 253 nmol/l) with normal PTH levels of unknown cause.. He received routine supplements until 12 months of age (400 units daily).|53.0|set()|HP:0002910|22.0|Gradually the jaundice resolved and the liver enzymes normalized.|liver enzymes|['Elevated hepatic transaminase', 'Abnormal liver enzymes', 'Abnormal liver function', 'Abnormal liver function tests', 'Elevated liver enzymes', 'Elevated liver function tests', 'Elevated serum transaminases', 'Elevated transaminases', 'High liver enzymes', 'Increased liver enzymes', 'Increased liver function tests', 'Increased transaminases', 'Subclinical abnormal liver function tests']|0.0|None|1.0|0.99600255| Case description|40.0
Fibrosis with new vessel formation was seen in portal spaces.. No bile duct was traced in eight portal spaces.. Bile ductular proliferation was seen and demonstrated by immunostain for cytokeratin (CK).. Gradually the jaundice resolved and the liver enzymes normalized.. He had increased levels of 25 hydroxy vitamin D (up to 253 nmol/l) with normal PTH levels of unknown cause.. He received routine supplements until 12 months of age (400 units daily).|22.0|set()|HP:0000952|22.0|Gradually the jaundice resolved and the liver enzymes normalized.|jaundice|['Jaundice', 'Icterus', 'Jaundice', 'Yellow skin', 'Yellowing of the skin']|0.0|None|1.0|0.9965687| Case description|14.0
S1).. Repeated zinc levels were within normal range.. During his NICU admission there was one episode of urinary tract infection with .. At 1 year, his length, weight and HC measured at -5 SD.. On examination he had abnormal fat distribution with a round face, full cheeks and increased fat in the genitalia area.. He had joint hyperlaxity and his skin was hyper elastic, doughy like and transparent (Fig.. 1B).|621.0|set()|HP:0009126|23.0|On examination he had abnormal fat distribution with a round face, full cheeks and increased fat in the genitalia area.|increased fat|['Increased adipose tissue', 'Increased adipose tissue', 'Increased fat tissue']|1.0|None|1.0|0.82183015| Case description|608.0
S1).. Repeated zinc levels were within normal range.. During his NICU admission there was one episode of urinary tract infection with .. At 1 year, his length, weight and HC measured at -5 SD.. On examination he had abnormal fat distribution with a round face, full cheeks and increased fat in the genitalia area.. He had joint hyperlaxity and his skin was hyper elastic, doughy like and transparent (Fig.. 1B).|603.0|set()|HP:0000293|23.0|On examination he had abnormal fat distribution with a round face, full cheeks and increased fat in the genitalia area.|full cheeks|['Full cheeks', 'Apple cheeks', 'Big cheeks', 'Chubby cheeks', 'Full cheeks', 'Hyperplasia of cheeks', 'Hypertrophy of cheeks', 'Increased size of cheeks', 'Large cheeks', 'Puffy cheeks']|1.0|None|1.0|0.9984825| Case description|592.0
S1).. Repeated zinc levels were within normal range.. During his NICU admission there was one episode of urinary tract infection with .. At 1 year, his length, weight and HC measured at -5 SD.. On examination he had abnormal fat distribution with a round face, full cheeks and increased fat in the genitalia area.. He had joint hyperlaxity and his skin was hyper elastic, doughy like and transparent (Fig.. 1B).|559.0|set()|HP:0009124|23.0|On examination he had abnormal fat distribution with a round face, full cheeks and increased fat in the genitalia area.|abnormal fat|['Abnormal adipose tissue morphology', 'Abnormality of adipose tissue', 'Abnormality of fat tissue', 'Abnormality of fatty tissue']|1.0|None|1.0|0.8365725| Case description|547.0
S1).. Repeated zinc levels were within normal range.. During his NICU admission there was one episode of urinary tract infection with .. At 1 year, his length, weight and HC measured at -5 SD.. On examination he had abnormal fat distribution with a round face, full cheeks and increased fat in the genitalia area.. He had joint hyperlaxity and his skin was hyper elastic, doughy like and transparent (Fig.. 1B).|590.0|set()|HP:0000311|23.0|On examination he had abnormal fat distribution with a round face, full cheeks and increased fat in the genitalia area.|round face|['Round face', 'Circular face', 'Round face', 'Round facial appearance', 'Round facial shape', 'Round facies', 'Round, full face']|1.0|None|1.0|0.9985325| Case description|580.0
He is treated with Growth hormone (GH) since the age of 19 months for GH resistance (abnormal IGF1 generation test), potentially secondary to his liver dysfunction and poor nutrition status.. At the age of 4 years the height and length were within normal range (-0.5 SD) and the HC was at -2.5 SD.. In terms of his development he walked at 18 months and his first words were at 18 months.. Currently he attends a regular preschool but a neuro psychological evaluation demonstrated a 4-5 months delay on the Cognitive Adaptive Test/Clinical Linguistic and Auditory Milestone Scale (CAT CLAMS) and he is now receiving occupational and physical therapy.<br><h3> Identification of pathogenic  variants<br></h3>. <br>. The subject underwent a basic metabolic evaluation that did not reveal a diagnosis.|1324.0|set()|HP:0100543|24.0|Currently he attends a regular preschool but a neuro psychological evaluation demonstrated a 4-5 months delay on the Cognitive Adaptive Test/Clinical Linguistic and Auditory Milestone Scale (CAT CLAMS) and he is now receiving occupational and physical therapy.<br><h3> Identification of pathogenic  variants<br></h3>|Cognitive|['Cognitive impairment', 'Abnormality of cognition', 'Cognitive abnormality', 'Cognitive defects', 'Cognitive deficits', 'Cognitive impairment', 'Intellectual impairment', 'Mental impairment']|0.0|None|1.0|0.95951575| Case description|1315.0
No bile duct was traced in eight portal spaces.. Bile ductular proliferation was seen and demonstrated by immunostain for cytokeratin (CK).. Gradually the jaundice resolved and the liver enzymes normalized.. He had increased levels of 25 hydroxy vitamin D (up to 253 nmol/l) with normal PTH levels of unknown cause.. He received routine supplements until 12 months of age (400 units daily).. After discontinuation of supplements, levels decreased to the high normal range (Fig.|113.0|{'normal'}|HP:0100512|25.0|He had increased levels of 25 hydroxy vitamin D (up to 253 nmol/l) with normal PTH levels of unknown cause.|vitamin D|['Low levels of vitamin D', 'Deficient in vitamin D', 'Vitamin D deficiency']|0.0|None|1.0|0.8865711| Case description|104.0
He had joint hyperlaxity and his skin was hyper elastic, doughy like and transparent (Fig.. 1B).. He received formula supplements via NG tube until the age of 4 years.. He is treated with Growth hormone (GH) since the age of 19 months for GH resistance (abnormal IGF1 generation test), potentially secondary to his liver dysfunction and poor nutrition status.. At the age of 4 years the height and length were within normal range (-0.5 SD) and the HC was at -2.5 SD.. In terms of his development he walked at 18 months and his first words were at 18 months.|974.0|set()|HP:0001410|26.0|He is treated with Growth hormone (GH) since the age of 19 months for GH resistance (abnormal IGF1 generation test), potentially secondary to his liver dysfunction and poor nutrition status.|liver dysfunction|['Decreased liver function', 'Decreased liver function', 'Liver dysfunction', 'Liver dysfunction, mild']|1.0|None|1.0|0.99116755| Case description|957.0
He had joint hyperlaxity and his skin was hyper elastic, doughy like and transparent (Fig.. 1B).. He received formula supplements via NG tube until the age of 4 years.. He is treated with Growth hormone (GH) since the age of 19 months for GH resistance (abnormal IGF1 generation test), potentially secondary to his liver dysfunction and poor nutrition status.. At the age of 4 years the height and length were within normal range (-0.5 SD) and the HC was at -2.5 SD.. In terms of his development he walked at 18 months and his first words were at 18 months.|844.0|set()|HP:0000845|26.0|He is treated with Growth hormone (GH) since the age of 19 months for GH resistance (abnormal IGF1 generation test), potentially secondary to his liver dysfunction and poor nutrition status.|Growth hormone|['Growth hormone excess', 'Acral hypertrophy', 'Acromegalic growth', 'Acromegaly', 'Growth hormone excess', 'Somatotropin excess']|1.0|None|1.0|0.8872751| Case description|830.0
He had joint hyperlaxity and his skin was hyper elastic, doughy like and transparent (Fig.. 1B).. He received formula supplements via NG tube until the age of 4 years.. He is treated with Growth hormone (GH) since the age of 19 months for GH resistance (abnormal IGF1 generation test), potentially secondary to his liver dysfunction and poor nutrition status.. At the age of 4 years the height and length were within normal range (-0.5 SD) and the HC was at -2.5 SD.. In terms of his development he walked at 18 months and his first words were at 18 months.|848.0|set()|HP:0000845|26.0|He is treated with Growth hormone (GH) since the age of 19 months for GH resistance (abnormal IGF1 generation test), potentially secondary to his liver dysfunction and poor nutrition status.|GH|['Growth hormone excess', 'Acral hypertrophy', 'Acromegalic growth', 'Acromegaly', 'Growth hormone excess', 'Somatotropin excess']|1.0|None|1.0|0.8186388| Case description|846.0
He had joint hyperlaxity and his skin was hyper elastic, doughy like and transparent (Fig.. 1B).. He received formula supplements via NG tube until the age of 4 years.. He is treated with Growth hormone (GH) since the age of 19 months for GH resistance (abnormal IGF1 generation test), potentially secondary to his liver dysfunction and poor nutrition status.. At the age of 4 years the height and length were within normal range (-0.5 SD) and the HC was at -2.5 SD.. In terms of his development he walked at 18 months and his first words were at 18 months.|883.0|set()|HP:0000845|26.0|He is treated with Growth hormone (GH) since the age of 19 months for GH resistance (abnormal IGF1 generation test), potentially secondary to his liver dysfunction and poor nutrition status.|GH|['Growth hormone excess', 'Acral hypertrophy', 'Acromegalic growth', 'Acromegaly', 'Growth hormone excess', 'Somatotropin excess']|1.0|None|1.0|0.8186388| Case description|881.0
Repeated zinc levels were within normal range.. During his NICU admission there was one episode of urinary tract infection with .. At 1 year, his length, weight and HC measured at -5 SD.. On examination he had abnormal fat distribution with a round face, full cheeks and increased fat in the genitalia area.. He had joint hyperlaxity and his skin was hyper elastic, doughy like and transparent (Fig.. 1B).. He received formula supplements via NG tube until the age of 4 years.|669.0|set()|HP:0001388|27.0|He had joint hyperlaxity and his skin was hyper elastic, doughy like and transparent (Fig.|hyperlaxity|['Joint laxity', 'Hyperlaxity', 'Joint instability', 'Joint ligamentous laxity', 'Lax joints', 'Ligamentous laxity', 'Loose-jointedness', 'Loosejointedness']|0.0|None|1.0|0.9969309| Case description|658.0
Repeated zinc levels were within normal range.. During his NICU admission there was one episode of urinary tract infection with .. At 1 year, his length, weight and HC measured at -5 SD.. On examination he had abnormal fat distribution with a round face, full cheeks and increased fat in the genitalia area.. He had joint hyperlaxity and his skin was hyper elastic, doughy like and transparent (Fig.. 1B).. He received formula supplements via NG tube until the age of 4 years.|657.0|set()|HP:0001367|27.0|He had joint hyperlaxity and his skin was hyper elastic, doughy like and transparent (Fig.|joint|['Abnormal joint morphology', 'Abnormal shape of joints', 'Abnormality of the joints', 'Anomaly of the joints', 'Joint disease']|0.0|None|1.0|0.9015215| Case description|652.0
After discontinuation of supplements, levels decreased to the high normal range (Fig.. S1).. Repeated zinc levels were within normal range.. During his NICU admission there was one episode of urinary tract infection with .. At 1 year, his length, weight and HC measured at -5 SD.. On examination he had abnormal fat distribution with a round face, full cheeks and increased fat in the genitalia area.. He had joint hyperlaxity and his skin was hyper elastic, doughy like and transparent (Fig.|450.0|set()|HP:0000010|28.0|During his NICU admission there was one episode of urinary tract infection with .. At 1 year, his length, weight and HC measured at -5 SD.|episode of urinary tract|['Recurrent urinary tract infections', 'Frequent urinary tract infections', 'Recurrent UTIs', 'Urinary infection', 'Urinary tract infection', 'Urinary tract infections', 'Urinary tract infections, recurrent']|0.0|None|1.0|0.8588438| Case description|426.0
This indicates that p. F556S has impaired function  and is thus a hypomorphic allele.. The p. Arg739Cys variant was unable to support any yeast cell growth at both 2 and 4 days of incubation consistent with p. Arg739Cys resulting in a functional null allele.<br><h2> Discussion</h2>. <br>. This report supports the association between bi allelic pathogenic variants in  and a distinct syndrome characterized by intra uterine growth delay, liver dysfunction, and neurodevelopmental disabilities.. Significant growth delay is a consistent finding in all the reported subjects as well as the potentially equivalent disorder seen in cattle 11.. The cause for growth delay is unknown and might improve with age and / or GH therapy.|1246.0|{'association', 'report'}|HP:0001510|29.0|This report supports the association between bi allelic pathogenic variants in  and a distinct syndrome characterized by intra uterine growth delay, liver dysfunction, and neurodevelopmental disabilities.|growth delay|['Growth delay', 'Delayed growth', 'Growth deficiency', 'Growth delay', 'Growth failure', 'Growth retardation', 'Poor growth', 'Retarded growth', 'Very poor growth']|0.0|None|0.0|0.99463415| Discussion|1234.0
This indicates that p. F556S has impaired function  and is thus a hypomorphic allele.. The p. Arg739Cys variant was unable to support any yeast cell growth at both 2 and 4 days of incubation consistent with p. Arg739Cys resulting in a functional null allele.<br><h2> Discussion</h2>. <br>. This report supports the association between bi allelic pathogenic variants in  and a distinct syndrome characterized by intra uterine growth delay, liver dysfunction, and neurodevelopmental disabilities.. Significant growth delay is a consistent finding in all the reported subjects as well as the potentially equivalent disorder seen in cattle 11.. The cause for growth delay is unknown and might improve with age and / or GH therapy.|1233.0|{'association', 'report'}|HP:0000130|29.0|This report supports the association between bi allelic pathogenic variants in  and a distinct syndrome characterized by intra uterine growth delay, liver dysfunction, and neurodevelopmental disabilities.|uterine|['Abnormality of the uterus', 'Abnormality of the uterus', 'Uterine abnormalities', 'Uterine malformations']|0.0|None|0.0|0.8669952| Discussion|1226.0
This indicates that p. F556S has impaired function  and is thus a hypomorphic allele.. The p. Arg739Cys variant was unable to support any yeast cell growth at both 2 and 4 days of incubation consistent with p. Arg739Cys resulting in a functional null allele.<br><h2> Discussion</h2>. <br>. This report supports the association between bi allelic pathogenic variants in  and a distinct syndrome characterized by intra uterine growth delay, liver dysfunction, and neurodevelopmental disabilities.. Significant growth delay is a consistent finding in all the reported subjects as well as the potentially equivalent disorder seen in cattle 11.. The cause for growth delay is unknown and might improve with age and / or GH therapy.|1265.0|{'association', 'report'}|HP:0001410|29.0|This report supports the association between bi allelic pathogenic variants in  and a distinct syndrome characterized by intra uterine growth delay, liver dysfunction, and neurodevelopmental disabilities.|liver dysfunction|['Decreased liver function', 'Decreased liver function', 'Liver dysfunction', 'Liver dysfunction, mild']|0.0|None|0.0|0.99116755| Discussion|1248.0
This indicates that p. F556S has impaired function  and is thus a hypomorphic allele.. The p. Arg739Cys variant was unable to support any yeast cell growth at both 2 and 4 days of incubation consistent with p. Arg739Cys resulting in a functional null allele.<br><h2> Discussion</h2>. <br>. This report supports the association between bi allelic pathogenic variants in  and a distinct syndrome characterized by intra uterine growth delay, liver dysfunction, and neurodevelopmental disabilities.. Significant growth delay is a consistent finding in all the reported subjects as well as the potentially equivalent disorder seen in cattle 11.. The cause for growth delay is unknown and might improve with age and / or GH therapy.|1322.0|{'association', 'report'}|HP:0001510|29.0|This report supports the association between bi allelic pathogenic variants in  and a distinct syndrome characterized by intra uterine growth delay, liver dysfunction, and neurodevelopmental disabilities.|Significant growth|['Growth delay', 'Delayed growth', 'Growth deficiency', 'Growth delay', 'Growth failure', 'Growth retardation', 'Poor growth', 'Retarded growth', 'Very poor growth']|0.0|None|0.0|0.86865795| Discussion|1304.0
<br>. This report supports the association between bi allelic pathogenic variants in  and a distinct syndrome characterized by intra uterine growth delay, liver dysfunction, and neurodevelopmental disabilities.. Significant growth delay is a consistent finding in all the reported subjects as well as the potentially equivalent disorder seen in cattle 11.. The cause for growth delay is unknown and might improve with age and / or GH therapy.. One subject was reported to have GH deficiency, however, here we report GH resistance.. Liver dysfunction and abnormal liver pathology was seen in two previously reported patients and only one presented with neonatal cholestasis.|26.0|set()|HP:0001510|30.0|The cause for growth delay is unknown and might improve with age and / or GH therapy.|growth delay|['Growth delay', 'Delayed growth', 'Growth deficiency', 'Growth delay', 'Growth failure', 'Growth retardation', 'Poor growth', 'Retarded growth', 'Very poor growth']|0.0|None|0.0|0.99463415| Discussion|14.0
<br>. This report supports the association between bi allelic pathogenic variants in  and a distinct syndrome characterized by intra uterine growth delay, liver dysfunction, and neurodevelopmental disabilities.. Significant growth delay is a consistent finding in all the reported subjects as well as the potentially equivalent disorder seen in cattle 11.. The cause for growth delay is unknown and might improve with age and / or GH therapy.. One subject was reported to have GH deficiency, however, here we report GH resistance.. Liver dysfunction and abnormal liver pathology was seen in two previously reported patients and only one presented with neonatal cholestasis.|76.0|set()|HP:0000845|30.0|The cause for growth delay is unknown and might improve with age and / or GH therapy.|GH|['Growth hormone excess', 'Acral hypertrophy', 'Acromegalic growth', 'Acromegaly', 'Growth hormone excess', 'Somatotropin excess']|0.0|None|0.0|0.8186388| Discussion|74.0
This report supports the association between bi allelic pathogenic variants in  and a distinct syndrome characterized by intra uterine growth delay, liver dysfunction, and neurodevelopmental disabilities.. Significant growth delay is a consistent finding in all the reported subjects as well as the potentially equivalent disorder seen in cattle 11.. The cause for growth delay is unknown and might improve with age and / or GH therapy.. One subject was reported to have GH deficiency, however, here we report GH resistance.. Liver dysfunction and abnormal liver pathology was seen in two previously reported patients and only one presented with neonatal cholestasis.. That individual also carried a variant of uncertain significance in  (MIM: 603201).|132.0|{'report'}|HP:0000824|31.0|One subject was reported to have GH deficiency, however, here we report GH resistance.|GH deficiency|['Growth hormone deficiency', 'Growth hormone deficiency', 'Somatotropin deficiency']|0.0|None|0.0|0.9016245| Discussion|119.0
This report supports the association between bi allelic pathogenic variants in  and a distinct syndrome characterized by intra uterine growth delay, liver dysfunction, and neurodevelopmental disabilities.. Significant growth delay is a consistent finding in all the reported subjects as well as the potentially equivalent disorder seen in cattle 11.. The cause for growth delay is unknown and might improve with age and / or GH therapy.. One subject was reported to have GH deficiency, however, here we report GH resistance.. Liver dysfunction and abnormal liver pathology was seen in two previously reported patients and only one presented with neonatal cholestasis.. That individual also carried a variant of uncertain significance in  (MIM: 603201).|160.0|{'report'}|HP:0000845|31.0|One subject was reported to have GH deficiency, however, here we report GH resistance.|GH|['Growth hormone excess', 'Acral hypertrophy', 'Acromegalic growth', 'Acromegaly', 'Growth hormone excess', 'Somatotropin excess']|0.0|None|0.0|0.8186388| Discussion|158.0
This report supports the association between bi allelic pathogenic variants in  and a distinct syndrome characterized by intra uterine growth delay, liver dysfunction, and neurodevelopmental disabilities.. Significant growth delay is a consistent finding in all the reported subjects as well as the potentially equivalent disorder seen in cattle 11.. The cause for growth delay is unknown and might improve with age and / or GH therapy.. One subject was reported to have GH deficiency, however, here we report GH resistance.. Liver dysfunction and abnormal liver pathology was seen in two previously reported patients and only one presented with neonatal cholestasis.. That individual also carried a variant of uncertain significance in  (MIM: 603201).|190.0|{'report'}|HP:0001410|31.0|One subject was reported to have GH deficiency, however, here we report GH resistance.|Liver dysfunction|['Decreased liver function', 'Decreased liver function', 'Liver dysfunction', 'Liver dysfunction, mild']|0.0|None|0.0|0.99116755| Discussion|173.0
Significant growth delay is a consistent finding in all the reported subjects as well as the potentially equivalent disorder seen in cattle 11.. The cause for growth delay is unknown and might improve with age and / or GH therapy.. One subject was reported to have GH deficiency, however, here we report GH resistance.. Liver dysfunction and abnormal liver pathology was seen in two previously reported patients and only one presented with neonatal cholestasis.. That individual also carried a variant of uncertain significance in  (MIM: 603201).. The subject reported here had a similar presentation with neonatal liver failure and cholestasis.|219.0|{'patients', 'previously'}|HP:0001392|32.0|Liver dysfunction and abnormal liver pathology was seen in two previously reported patients and only one presented with neonatal cholestasis.|liver pathology|['Abnormality of the liver', 'Abnormal liver', 'Abnormality of the liver', 'Liver abnormality', 'Liver disease']|1.0|None|0.0|0.88758457| Discussion|204.0
Significant growth delay is a consistent finding in all the reported subjects as well as the potentially equivalent disorder seen in cattle 11.. The cause for growth delay is unknown and might improve with age and / or GH therapy.. One subject was reported to have GH deficiency, however, here we report GH resistance.. Liver dysfunction and abnormal liver pathology was seen in two previously reported patients and only one presented with neonatal cholestasis.. That individual also carried a variant of uncertain significance in  (MIM: 603201).. The subject reported here had a similar presentation with neonatal liver failure and cholestasis.|313.0|{'patients', 'previously'}|HP:0001396|32.0|Liver dysfunction and abnormal liver pathology was seen in two previously reported patients and only one presented with neonatal cholestasis.|cholestasis|['Cholestasis', 'Slowed or blocked flow of bile from liver']|1.0|None|0.0|0.98234975| Discussion|302.0
There was bile ducts paucity which is seen in very few conditions such as congenital sclerosing cholangitis, Alagille syndrome (MIM: 118450), drug induced liver injury and the vanishing bile duct syndrome.. Here, we add an additional condition that may present this way and also associated with immunostain positive for cholangiolar proliferation.. In contrast to the previously reported cases, development was normal up to the age of 3 years.. At 4 years there is evidence of mild developmental delay based on CAT/CLAMS scores but he attends a regular preschool.. This supports a variable neurodevelopmental outcome in individuals with this disorder and potentially typical development and IQ in some of the cases.. This may depend on the severity of the variants and enzyme residual activity.|1397.0|set()|HP:0011342|33.0|At 4 years there is evidence of mild developmental delay based on CAT/CLAMS scores but he attends a regular preschool.|mild developmental delay|['Mild global developmental delay', 'Global developmental delay, mild', 'Psychomotor retardation, mild']|0.0|None|0.0|0.979057| Discussion|1373.0
Here, the liver biopsy was performed at the age of 1 month compared to 1-2 years in previously reported cases.. Interestingly, portal tract fibrosis and bile ductular proliferation (positive CK19) was already observed.. Steatosis was not seen and might be a late manifestation.. There was bile ducts paucity which is seen in very few conditions such as congenital sclerosing cholangitis, Alagille syndrome (MIM: 118450), drug induced liver injury and the vanishing bile duct syndrome.. Here, we add an additional condition that may present this way and also associated with immunostain positive for cholangiolar proliferation.. In contrast to the previously reported cases, development was normal up to the age of 3 years.|1059.0|set()|HP:0001392|34.0|There was bile ducts paucity which is seen in very few conditions such as congenital sclerosing cholangitis, Alagille syndrome (MIM: 118450), drug induced liver injury and the vanishing bile duct syndrome.|liver|['Abnormality of the liver', 'Abnormal liver', 'Abnormality of the liver', 'Liver abnormality', 'Liver disease']|0.0|None|0.0|0.8399474| Discussion|1054.0
Here, the liver biopsy was performed at the age of 1 month compared to 1-2 years in previously reported cases.. Interestingly, portal tract fibrosis and bile ductular proliferation (positive CK19) was already observed.. Steatosis was not seen and might be a late manifestation.. There was bile ducts paucity which is seen in very few conditions such as congenital sclerosing cholangitis, Alagille syndrome (MIM: 118450), drug induced liver injury and the vanishing bile duct syndrome.. Here, we add an additional condition that may present this way and also associated with immunostain positive for cholangiolar proliferation.. In contrast to the previously reported cases, development was normal up to the age of 3 years.|1006.0|set()|HP:0030991|34.0|There was bile ducts paucity which is seen in very few conditions such as congenital sclerosing cholangitis, Alagille syndrome (MIM: 118450), drug induced liver injury and the vanishing bile duct syndrome.|sclerosing cholangitis|['Sclerosing cholangitis', 'Fibrous cholangitis']|0.0|None|0.0|0.9880201| Discussion|984.0
Here, the liver biopsy was performed at the age of 1 month compared to 1-2 years in previously reported cases.. Interestingly, portal tract fibrosis and bile ductular proliferation (positive CK19) was already observed.. Steatosis was not seen and might be a late manifestation.. There was bile ducts paucity which is seen in very few conditions such as congenital sclerosing cholangitis, Alagille syndrome (MIM: 118450), drug induced liver injury and the vanishing bile duct syndrome.. Here, we add an additional condition that may present this way and also associated with immunostain positive for cholangiolar proliferation.. In contrast to the previously reported cases, development was normal up to the age of 3 years.|927.0|set()|HP:0005248|34.0|There was bile ducts paucity which is seen in very few conditions such as congenital sclerosing cholangitis, Alagille syndrome (MIM: 118450), drug induced liver injury and the vanishing bile duct syndrome.|bile ducts paucity|['Intrahepatic biliary atresia', 'Bile duct paucity', 'Intrahepatic atresia of biliary duct']|0.0|None|0.0|0.98388803| Discussion|909.0
One subject was reported to have GH deficiency, however, here we report GH resistance.. Liver dysfunction and abnormal liver pathology was seen in two previously reported patients and only one presented with neonatal cholestasis.. That individual also carried a variant of uncertain significance in  (MIM: 603201).. The subject reported here had a similar presentation with neonatal liver failure and cholestasis.. We did not identify any rare variants in genes related to neonatal cholestasis, supporting the role of  in this presentation.. Here, the liver biopsy was performed at the age of 1 month compared to 1-2 years in previously reported cases.|479.0|set()|HP:0001399|35.0|The subject reported here had a similar presentation with neonatal liver failure and cholestasis.|liver failure|['Hepatic failure', 'Liver failure']|0.0|None|0.0|0.9852403| Discussion|466.0
One subject was reported to have GH deficiency, however, here we report GH resistance.. Liver dysfunction and abnormal liver pathology was seen in two previously reported patients and only one presented with neonatal cholestasis.. That individual also carried a variant of uncertain significance in  (MIM: 603201).. The subject reported here had a similar presentation with neonatal liver failure and cholestasis.. We did not identify any rare variants in genes related to neonatal cholestasis, supporting the role of  in this presentation.. Here, the liver biopsy was performed at the age of 1 month compared to 1-2 years in previously reported cases.|495.0|set()|HP:0001396|35.0|The subject reported here had a similar presentation with neonatal liver failure and cholestasis.|cholestasis|['Cholestasis', 'Slowed or blocked flow of bile from liver']|0.0|None|0.0|0.98234975| Discussion|484.0
Liver dysfunction and abnormal liver pathology was seen in two previously reported patients and only one presented with neonatal cholestasis.. That individual also carried a variant of uncertain significance in  (MIM: 603201).. The subject reported here had a similar presentation with neonatal liver failure and cholestasis.. We did not identify any rare variants in genes related to neonatal cholestasis, supporting the role of  in this presentation.. Here, the liver biopsy was performed at the age of 1 month compared to 1-2 years in previously reported cases.. Interestingly, portal tract fibrosis and bile ductular proliferation (positive CK19) was already observed.|575.0|{'not'}|HP:0001396|36.0|We did not identify any rare variants in genes related to neonatal cholestasis, supporting the role of  in this presentation.|cholestasis|['Cholestasis', 'Slowed or blocked flow of bile from liver']|0.0|None|0.0|0.98234975| Discussion|564.0
That individual also carried a variant of uncertain significance in  (MIM: 603201).. The subject reported here had a similar presentation with neonatal liver failure and cholestasis.. We did not identify any rare variants in genes related to neonatal cholestasis, supporting the role of  in this presentation.. Here, the liver biopsy was performed at the age of 1 month compared to 1-2 years in previously reported cases.. Interestingly, portal tract fibrosis and bile ductular proliferation (positive CK19) was already observed.. Steatosis was not seen and might be a late manifestation.|638.0|{'previously'}|HP:0001392|37.0|Here, the liver biopsy was performed at the age of 1 month compared to 1-2 years in previously reported cases.|liver|['Abnormality of the liver', 'Abnormal liver', 'Abnormality of the liver', 'Liver abnormality', 'Liver disease']|0.0|None|0.0|0.8399474| Discussion|633.0
The subject reported here had a similar presentation with neonatal liver failure and cholestasis.. We did not identify any rare variants in genes related to neonatal cholestasis, supporting the role of  in this presentation.. Here, the liver biopsy was performed at the age of 1 month compared to 1-2 years in previously reported cases.. Interestingly, portal tract fibrosis and bile ductular proliferation (positive CK19) was already observed.. Steatosis was not seen and might be a late manifestation.. There was bile ducts paucity which is seen in very few conditions such as congenital sclerosing cholangitis, Alagille syndrome (MIM: 118450), drug induced liver injury and the vanishing bile duct syndrome.|802.0|set()|HP:0001408|38.0|Interestingly, portal tract fibrosis and bile ductular proliferation (positive CK19) was already observed.|bile ductular proliferation|['Bile duct proliferation', 'Proliferation of bile canaliculi']|0.0|None|0.0|0.93137693| Discussion|775.0
The subject reported here had a similar presentation with neonatal liver failure and cholestasis.. We did not identify any rare variants in genes related to neonatal cholestasis, supporting the role of  in this presentation.. Here, the liver biopsy was performed at the age of 1 month compared to 1-2 years in previously reported cases.. Interestingly, portal tract fibrosis and bile ductular proliferation (positive CK19) was already observed.. Steatosis was not seen and might be a late manifestation.. There was bile ducts paucity which is seen in very few conditions such as congenital sclerosing cholangitis, Alagille syndrome (MIM: 118450), drug induced liver injury and the vanishing bile duct syndrome.|770.0|set()|HP:0006580|38.0|Interestingly, portal tract fibrosis and bile ductular proliferation (positive CK19) was already observed.|portal tract fibrosis|['Portal fibrosis', 'Portal fibrosis shown on biopsy']|0.0|None|0.0|0.9095224| Discussion|749.0
The subject reported here had a similar presentation with neonatal liver failure and cholestasis.. We did not identify any rare variants in genes related to neonatal cholestasis, supporting the role of  in this presentation.. Here, the liver biopsy was performed at the age of 1 month compared to 1-2 years in previously reported cases.. Interestingly, portal tract fibrosis and bile ductular proliferation (positive CK19) was already observed.. Steatosis was not seen and might be a late manifestation.. There was bile ducts paucity which is seen in very few conditions such as congenital sclerosing cholangitis, Alagille syndrome (MIM: 118450), drug induced liver injury and the vanishing bile duct syndrome.|850.0|set()|HP:0001397|38.0|Interestingly, portal tract fibrosis and bile ductular proliferation (positive CK19) was already observed.|Steatosis|['Hepatic steatosis', 'Fatty infiltration of liver', 'Fatty liver', 'Liver steatosis', 'Steatosis']|0.0|None|0.0|0.99195975| Discussion|841.0
In contrast to the previously reported cases, development was normal up to the age of 3 years.. At 4 years there is evidence of mild developmental delay based on CAT/CLAMS scores but he attends a regular preschool.. This supports a variable neurodevelopmental outcome in individuals with this disorder and potentially typical development and IQ in some of the cases.. This may depend on the severity of the variants and enzyme residual activity.. Recurrent infections, low zinc levels and clinical improvement with zinc supplements were reported in the previous cases.. However, in this case zinc levels were normal on repeated tests and there was a single bacterial infection.|20.0|{'may'}|HP:0002719|39.0|Therefore, similar to the previously reported cases, the proband has one null allele and one hypomorphic allele.|Recurrent infections|['Recurrent infections', 'Frequent infections', 'Frequent, severe infections', 'Increased frequency of infection', 'infections, recurrent', 'Predisposition to infections', 'Recurrent infections', 'Susceptibility to infection']|0.0|None|0.0|0.9938027| Discussion|0.0
Recurrent infections, low zinc levels and clinical improvement with zinc supplements were reported in the previous cases.. However, in this case zinc levels were normal on repeated tests and there was a single bacterial infection.. Interestingly, 25 hydroxy vitamin D levels were high in spite of liver failure, however the levels decreased after discontinuation of routine supplements and the etiology is not clear.. On physical exam there was a strikingly round face compared to trunk, increased fat in the genitalia area, as well as soft, translucent and hyper elastic skin with joint laxity (Fig.. 1b).. These findings may have been overlooked previously, or more prominent at an younger age.|465.0|set()|HP:0000311|40.0|On physical exam there was a strikingly round face compared to trunk, increased fat in the genitalia area, as well as soft, translucent and hyper elastic skin with joint laxity (Fig.|round face|['Round face', 'Circular face', 'Round face', 'Round facial appearance', 'Round facial shape', 'Round facies', 'Round, full face']|0.0|None|0.0|0.9985325| Discussion|455.0
Recurrent infections, low zinc levels and clinical improvement with zinc supplements were reported in the previous cases.. However, in this case zinc levels were normal on repeated tests and there was a single bacterial infection.. Interestingly, 25 hydroxy vitamin D levels were high in spite of liver failure, however the levels decreased after discontinuation of routine supplements and the etiology is not clear.. On physical exam there was a strikingly round face compared to trunk, increased fat in the genitalia area, as well as soft, translucent and hyper elastic skin with joint laxity (Fig.. 1b).. These findings may have been overlooked previously, or more prominent at an younger age.|498.0|set()|HP:0009126|40.0|On physical exam there was a strikingly round face compared to trunk, increased fat in the genitalia area, as well as soft, translucent and hyper elastic skin with joint laxity (Fig.|increased fat|['Increased adipose tissue', 'Increased adipose tissue', 'Increased fat tissue']|0.0|None|0.0|0.82183015| Discussion|485.0
Recurrent infections, low zinc levels and clinical improvement with zinc supplements were reported in the previous cases.. However, in this case zinc levels were normal on repeated tests and there was a single bacterial infection.. Interestingly, 25 hydroxy vitamin D levels were high in spite of liver failure, however the levels decreased after discontinuation of routine supplements and the etiology is not clear.. On physical exam there was a strikingly round face compared to trunk, increased fat in the genitalia area, as well as soft, translucent and hyper elastic skin with joint laxity (Fig.. 1b).. These findings may have been overlooked previously, or more prominent at an younger age.|591.0|set()|HP:0000973|40.0|On physical exam there was a strikingly round face compared to trunk, increased fat in the genitalia area, as well as soft, translucent and hyper elastic skin with joint laxity (Fig.|skin with joint laxity|['Cutis laxa', 'Chalazoderma', 'Cutaneous laxity', 'Dermatochalasia', 'Dermatomegaly', 'Elastolysis', 'Generalized elastolysis', 'Hanging skin', 'Hypoelastic skin', 'Inelastic skin', 'Lax skin', 'Loose and inelastic skin', 'Loose skin', 'Skin laxity']|0.0|None|0.0|0.8254427| Discussion|569.0
This may depend on the severity of the variants and enzyme residual activity.. Recurrent infections, low zinc levels and clinical improvement with zinc supplements were reported in the previous cases.. However, in this case zinc levels were normal on repeated tests and there was a single bacterial infection.. Interestingly, 25 hydroxy vitamin D levels were high in spite of liver failure, however the levels decreased after discontinuation of routine supplements and the etiology is not clear.. On physical exam there was a strikingly round face compared to trunk, increased fat in the genitalia area, as well as soft, translucent and hyper elastic skin with joint laxity (Fig.. 1b).|272.0|{'not'}|HP:0100512|41.0|Interestingly, 25 hydroxy vitamin D levels were high in spite of liver failure, however the levels decreased after discontinuation of routine supplements and the etiology is not clear.|vitamin D levels|['Low levels of vitamin D', 'Deficient in vitamin D', 'Vitamin D deficiency']|0.0|None|0.0|0.95607316| Discussion|256.0
This may depend on the severity of the variants and enzyme residual activity.. Recurrent infections, low zinc levels and clinical improvement with zinc supplements were reported in the previous cases.. However, in this case zinc levels were normal on repeated tests and there was a single bacterial infection.. Interestingly, 25 hydroxy vitamin D levels were high in spite of liver failure, however the levels decreased after discontinuation of routine supplements and the etiology is not clear.. On physical exam there was a strikingly round face compared to trunk, increased fat in the genitalia area, as well as soft, translucent and hyper elastic skin with joint laxity (Fig.. 1b).|308.0|{'not'}|HP:0001399|41.0|Interestingly, 25 hydroxy vitamin D levels were high in spite of liver failure, however the levels decreased after discontinuation of routine supplements and the etiology is not clear.|liver failure|['Hepatic failure', 'Liver failure']|0.0|None|0.0|0.9852403| Discussion|295.0
Therefore, similar to the previously reported cases, the proband has one null allele and one hypomorphic allele.. There are currently no reports of individuals with two null alleles, potentially because these will result in early lethality.. Similarly, there are no reports on two hypomorphic alleles (compound heterozygous or homozygous).. It is possible that such individuals will have a milder and less recognizable phenotype.<br>In summary, this report supports the association between bi allelic pathogenic variants in  and intra uterine growth delay and liver dysfunction with neonatal cholestasis.. We expand the phenotype to include mild developmental delay, skin and joint laxity and hypervitaminosis D. Further reports on individuals with this condition will help define the clinical spectrum.<br><h2> Acknowledgements</h2>. <br>|461.0|{'individuals', 'association', 'report'}|HP:0001410|42.0|It is possible that such individuals will have a milder and less recognizable phenotype.<br>In summary, this report supports the association between bi allelic pathogenic variants in  and intra uterine growth delay and liver dysfunction with neonatal cholestasis.|liver dysfunction|['Decreased liver function', 'Decreased liver function', 'Liver dysfunction', 'Liver dysfunction, mild']|1.0|None|0.0|0.99116755| Discussion|444.0
Therefore, similar to the previously reported cases, the proband has one null allele and one hypomorphic allele.. There are currently no reports of individuals with two null alleles, potentially because these will result in early lethality.. Similarly, there are no reports on two hypomorphic alleles (compound heterozygous or homozygous).. It is possible that such individuals will have a milder and less recognizable phenotype.<br>In summary, this report supports the association between bi allelic pathogenic variants in  and intra uterine growth delay and liver dysfunction with neonatal cholestasis.. We expand the phenotype to include mild developmental delay, skin and joint laxity and hypervitaminosis D. Further reports on individuals with this condition will help define the clinical spectrum.<br><h2> Acknowledgements</h2>. <br>|439.0|{'individuals', 'association', 'report'}|HP:0001510|42.0|It is possible that such individuals will have a milder and less recognizable phenotype.<br>In summary, this report supports the association between bi allelic pathogenic variants in  and intra uterine growth delay and liver dysfunction with neonatal cholestasis.|growth delay|['Growth delay', 'Delayed growth', 'Growth deficiency', 'Growth delay', 'Growth failure', 'Growth retardation', 'Poor growth', 'Retarded growth', 'Very poor growth']|1.0|None|0.0|0.99463415| Discussion|427.0
Therefore, similar to the previously reported cases, the proband has one null allele and one hypomorphic allele.. There are currently no reports of individuals with two null alleles, potentially because these will result in early lethality.. Similarly, there are no reports on two hypomorphic alleles (compound heterozygous or homozygous).. It is possible that such individuals will have a milder and less recognizable phenotype.<br>In summary, this report supports the association between bi allelic pathogenic variants in  and intra uterine growth delay and liver dysfunction with neonatal cholestasis.. We expand the phenotype to include mild developmental delay, skin and joint laxity and hypervitaminosis D. Further reports on individuals with this condition will help define the clinical spectrum.<br><h2> Acknowledgements</h2>. <br>|487.0|{'individuals', 'association', 'report'}|HP:0001396|42.0|It is possible that such individuals will have a milder and less recognizable phenotype.<br>In summary, this report supports the association between bi allelic pathogenic variants in  and intra uterine growth delay and liver dysfunction with neonatal cholestasis.|cholestasis|['Cholestasis', 'Slowed or blocked flow of bile from liver']|1.0|None|0.0|0.98234975| Discussion|476.0
Therefore, similar to the previously reported cases, the proband has one null allele and one hypomorphic allele.. There are currently no reports of individuals with two null alleles, potentially because these will result in early lethality.. Similarly, there are no reports on two hypomorphic alleles (compound heterozygous or homozygous).. It is possible that such individuals will have a milder and less recognizable phenotype.<br>In summary, this report supports the association between bi allelic pathogenic variants in  and intra uterine growth delay and liver dysfunction with neonatal cholestasis.. We expand the phenotype to include mild developmental delay, skin and joint laxity and hypervitaminosis D. Further reports on individuals with this condition will help define the clinical spectrum.<br><h2> Acknowledgements</h2>. <br>|426.0|{'individuals', 'association', 'report'}|HP:0000130|42.0|It is possible that such individuals will have a milder and less recognizable phenotype.<br>In summary, this report supports the association between bi allelic pathogenic variants in  and intra uterine growth delay and liver dysfunction with neonatal cholestasis.|uterine|['Abnormality of the uterus', 'Abnormality of the uterus', 'Uterine abnormalities', 'Uterine malformations']|1.0|None|0.0|0.8669952| Discussion|419.0
There are currently no reports of individuals with two null alleles, potentially because these will result in early lethality.. Similarly, there are no reports on two hypomorphic alleles (compound heterozygous or homozygous).. It is possible that such individuals will have a milder and less recognizable phenotype.<br>In summary, this report supports the association between bi allelic pathogenic variants in  and intra uterine growth delay and liver dysfunction with neonatal cholestasis.. We expand the phenotype to include mild developmental delay, skin and joint laxity and hypervitaminosis D. Further reports on individuals with this condition will help define the clinical spectrum.<br><h2> Acknowledgements</h2>. <br>. We are thankful to the family for consenting to participate in this publication.|548.0|{'individuals'}|HP:0011342|43.0|We expand the phenotype to include mild developmental delay, skin and joint laxity and hypervitaminosis D. Further reports on individuals with this condition will help define the clinical spectrum.<br><h2> Acknowledgements</h2>|mild developmental delay|['Mild global developmental delay', 'Global developmental delay, mild', 'Psychomotor retardation, mild']|1.0|None|1.0|0.979057| Acknowledgements|524.0
There are currently no reports of individuals with two null alleles, potentially because these will result in early lethality.. Similarly, there are no reports on two hypomorphic alleles (compound heterozygous or homozygous).. It is possible that such individuals will have a milder and less recognizable phenotype.<br>In summary, this report supports the association between bi allelic pathogenic variants in  and intra uterine growth delay and liver dysfunction with neonatal cholestasis.. We expand the phenotype to include mild developmental delay, skin and joint laxity and hypervitaminosis D. Further reports on individuals with this condition will help define the clinical spectrum.<br><h2> Acknowledgements</h2>. <br>. We are thankful to the family for consenting to participate in this publication.|575.0|{'individuals'}|HP:0000973|43.0|We expand the phenotype to include mild developmental delay, skin and joint laxity and hypervitaminosis D. Further reports on individuals with this condition will help define the clinical spectrum.<br><h2> Acknowledgements</h2>|skin and joint laxity and|['Cutis laxa', 'Chalazoderma', 'Cutaneous laxity', 'Dermatochalasia', 'Dermatomegaly', 'Elastolysis', 'Generalized elastolysis', 'Hanging skin', 'Hypoelastic skin', 'Inelastic skin', 'Lax skin', 'Loose and inelastic skin', 'Loose skin', 'Skin laxity']|1.0|None|1.0|0.8472664| Acknowledgements|550.0
III- Portal space with a vein (V), artery (a).. no bile duct is seen (H&E, x200).. IV- Portal space with no discernible bile duct (H&E, x200).. V-Bile ductular proliferation around portal space (P) (CK19 immunostain, x200).. (b) Photographs demonstrating joint laxity and skin hyper-elasticity.. I- passive dorsiflexion of the right thumb beyond the flexor aspect of the forearm consistent with joint hypermobility.|444.0|set()|HP:0001408|0.0|V-Bile ductular proliferation around portal space (P) (CK19 immunostain, x200).|Bile ductular proliferation|['Bile duct proliferation', 'Proliferation of bile canaliculi']|0.0|None|0.0|0.93137693|Captions|417.0
|13.0|set()|HP:0001392|1.0|Entity0|Liver|['Abnormality of the liver', 'Abnormal liver', 'Abnormality of the liver', 'Liver abnormality', 'Liver disease']|0.0|None|0.0|0.8399474|Unassigned|8.0
|69.0|set()|HP:0001392|2.0|(a) Liver biopsy at the age of 1 month.|Liver|['Abnormality of the liver', 'Abnormal liver', 'Abnormality of the liver', 'Liver abnormality', 'Liver disease']|0.0|None|0.0|0.8399474|Captions|64.0
(b) Photographs demonstrating joint laxity and skin hyper-elasticity.. I- passive dorsiflexion of the right thumb beyond the flexor aspect of the forearm consistent with joint hypermobility.. II- Short hands squared distal fingers and 5th finger clinodactyly.. III- The skin of the lower arm is easily stretched indicating abnormal skin elasticity.. Entity1. Segregation, protein location and conservation of IARS variants.|839.0|set()|HP:0010647|3.0|III- The skin of the lower arm is easily stretched indicating abnormal skin elasticity.|abnormal skin elasticity|['Abnormal elasticity of skin']|1.0|None|0.0|0.9351328|Captions|815.0
V-Bile ductular proliferation around portal space (P) (CK19 immunostain, x200).. (b) Photographs demonstrating joint laxity and skin hyper-elasticity.. I- passive dorsiflexion of the right thumb beyond the flexor aspect of the forearm consistent with joint hypermobility.. II- Short hands squared distal fingers and 5th finger clinodactyly.. III- The skin of the lower arm is easily stretched indicating abnormal skin elasticity.. Entity1|751.0|set()|HP:0004209|4.0|II- Short hands squared distal fingers and 5th finger clinodactyly.|th finger clinodactyly|['Clinodactyly of the 5th finger', 'Bilateral fifth digit clinodactyly', 'Bilateral fifth finger clinodactyly', 'Clinodactyly of fifth digit', 'Clinodactyly of the little finger', 'Curvature of little finger', 'Curvature of pinkie finger', 'Curvature of pinky finger', 'Fifth finger clinodactyly', 'Permanent curving of the pinkie finger']|1.0|None|0.0|0.8705638|Captions|729.0
V-Bile ductular proliferation around portal space (P) (CK19 immunostain, x200).. (b) Photographs demonstrating joint laxity and skin hyper-elasticity.. I- passive dorsiflexion of the right thumb beyond the flexor aspect of the forearm consistent with joint hypermobility.. II- Short hands squared distal fingers and 5th finger clinodactyly.. III- The skin of the lower arm is easily stretched indicating abnormal skin elasticity.. Entity1|700.0|set()|HP:0004279|4.0|II- Short hands squared distal fingers and 5th finger clinodactyly.|Short hands|['Short palm', 'Hypoplastic hands', 'Short hands', 'Short palm', 'Short palms']|1.0|None|0.0|0.9979435|Captions|689.0
no bile duct is seen (H&E, x200).. IV- Portal space with no discernible bile duct (H&E, x200).. V-Bile ductular proliferation around portal space (P) (CK19 immunostain, x200).. (b) Photographs demonstrating joint laxity and skin hyper-elasticity.. I- passive dorsiflexion of the right thumb beyond the flexor aspect of the forearm consistent with joint hypermobility.. II- Short hands squared distal fingers and 5th finger clinodactyly.|546.0|set()|HP:0000973|5.0|(b) Photographs demonstrating joint laxity and skin hyper-elasticity.|laxity and skin|['Cutis laxa', 'Chalazoderma', 'Cutaneous laxity', 'Dermatochalasia', 'Dermatomegaly', 'Elastolysis', 'Generalized elastolysis', 'Hanging skin', 'Hypoelastic skin', 'Inelastic skin', 'Lax skin', 'Loose and inelastic skin', 'Loose skin', 'Skin laxity']|0.0|None|0.0|0.9842475|Captions|531.0
no bile duct is seen (H&E, x200).. IV- Portal space with no discernible bile duct (H&E, x200).. V-Bile ductular proliferation around portal space (P) (CK19 immunostain, x200).. (b) Photographs demonstrating joint laxity and skin hyper-elasticity.. I- passive dorsiflexion of the right thumb beyond the flexor aspect of the forearm consistent with joint hypermobility.. II- Short hands squared distal fingers and 5th finger clinodactyly.|530.0|set()|HP:0001367|5.0|(b) Photographs demonstrating joint laxity and skin hyper-elasticity.|joint|['Abnormal joint morphology', 'Abnormal shape of joints', 'Abnormality of the joints', 'Anomaly of the joints', 'Joint disease']|0.0|None|0.0|0.9015215|Captions|525.0
IV- Portal space with no discernible bile duct (H&E, x200).. V-Bile ductular proliferation around portal space (P) (CK19 immunostain, x200).. (b) Photographs demonstrating joint laxity and skin hyper-elasticity.. I- passive dorsiflexion of the right thumb beyond the flexor aspect of the forearm consistent with joint hypermobility.. II- Short hands squared distal fingers and 5th finger clinodactyly.. III- The skin of the lower arm is easily stretched indicating abnormal skin elasticity.|683.0|set()|HP:0001382|6.0|I- passive dorsiflexion of the right thumb beyond the flexor aspect of the forearm consistent with joint hypermobility.|joint hypermobility|['Joint hypermobility', 'Double-Jointed', 'Extensible joints', 'Flexible joints', 'Hyperextensible joints', 'Increased mobility of joints', 'Joint hyperextensibility']|0.0|None|0.0|0.96422815|Captions|664.0
IV- Portal space with no discernible bile duct (H&E, x200).. V-Bile ductular proliferation around portal space (P) (CK19 immunostain, x200).. (b) Photographs demonstrating joint laxity and skin hyper-elasticity.. I- passive dorsiflexion of the right thumb beyond the flexor aspect of the forearm consistent with joint hypermobility.. II- Short hands squared distal fingers and 5th finger clinodactyly.. III- The skin of the lower arm is easily stretched indicating abnormal skin elasticity.|607.0|set()|HP:0001172|6.0|I- passive dorsiflexion of the right thumb beyond the flexor aspect of the forearm consistent with joint hypermobility.|thumb|['Abnormal thumb morphology', 'Abnormality of the thumb', 'Abnormality of the thumbs', 'Thumb deformity']|0.0|None|0.0|0.8732594|Captions|602.0
Liver biopsy and photographs of the hands and arms.. (a) Liver biopsy at the age of 1 month.. I- Fibrosis in and between portal spaces (arrows) (Masson trichrome stain, x100).. II- Multiple new vessels in periphery of portal fibrosis (arrows) (CD34 immunostain, x100).. III- Portal space with a vein (V), artery (a).. no bile duct is seen (H&E, x200).|238.0|set()|HP:0006580|7.0|II- Multiple new vessels in periphery of portal fibrosis (arrows) (CD34 immunostain, x100).|portal fibrosis|['Portal fibrosis', 'Portal fibrosis shown on biopsy']|0.0|None|0.0|0.99604046|Captions|223.0
A haploid yeast strain deleted for endogenous ISL1 (with viability maintained by a URA3-bearing plasmid harboring wild-type ISL1) was transformed with a pYY1 plasmid containing wild-type IARS, the indicated mutant form of IARS, or no insert ('Empty').. Cultures for each strain (labeled along the top) were grown for 2 days in liquid medium, diluted or left saturated (indicated along the left), spotted on solid medium containing 5-FOA to select for spontaneous loss of the URA3-bearing maintenance vector, and grown at 30degC for either two days (top panel) or four days (bottom panel).. The '1' and '2' annotations indicate the use of two independently generated mutant IARS expression constructs.. Please note the weak growth of cells expressing p.Ph556Ser IARS after four days (compare the 1:10 dilutions of wild-type and p.Phe556Ser IARS in the bottom panel).. Entity3. Clinical Genetics|1218.0|set()|HP:0001510|8.0|Please note the weak growth of cells expressing p.Ph556Ser IARS after four days (compare the 1:10 dilutions of wild-type and p.Phe556Ser IARS in the bottom panel).|weak growth|['Growth delay', 'Delayed growth', 'Growth deficiency', 'Growth delay', 'Growth failure', 'Growth retardation', 'Poor growth', 'Retarded growth', 'Very poor growth']|0.0|None|0.0|0.84829265|Captions|1207.0
"                           </td>. <td headers=""article-description"">Fig.. S1 Vitamin D levels.. 25hydroxy vitamin D levels were elevated on a few measurements and decreased after routine vitamin D supplements (400 U daily) were discontinued at 12 months.</td>. </tr>. <tr id=""cge12930-supitem-0002"">"|637.0|set()|HP:0100512|0.0|25hydroxy vitamin D levels were elevated on a few measurements and decreased after routine vitamin D supplements (400 U daily) were discontinued at 12 months.</td>|decreased after routine vitamin D|['Low levels of vitamin D', 'Deficient in vitamin D', 'Vitamin D deficiency']|0.0|None|0.0|0.8888544|Table File 0|604.0
"                           </td>. <td headers=""article-description"">Fig.. S1 Vitamin D levels.. 25hydroxy vitamin D levels were elevated on a few measurements and decreased after routine vitamin D supplements (400 U daily) were discontinued at 12 months.</td>. </tr>. <tr id=""cge12930-supitem-0002"">"|563.0|set()|HP:0100512|0.0|25hydroxy vitamin D levels were elevated on a few measurements and decreased after routine vitamin D supplements (400 U daily) were discontinued at 12 months.</td>|vitamin D levels|['Low levels of vitamin D', 'Deficient in vitamin D', 'Vitamin D deficiency']|0.0|None|0.0|0.95607316|Table File 0|547.0
"<td headers=""article-filename""><a href=""/action/downloadSupplement?doi=10.1111%2Fcge.12930&amp:amp:file=cge12930-sup-0001-FigureS1.jpg"">cge12930-sup-0001-FigureS1.jpg</a>JPEG image, 84.8 KB.                            </td>. <td headers=""article-description"">Fig.. S1 Vitamin D levels.. 25hydroxy vitamin D levels were elevated on a few measurements and decreased after routine vitamin D supplements (400 U daily) were discontinued at 12 months.</td>. </tr>"|534.0|set()|HP:0100512|1.0|S1 Vitamin D levels.|Vitamin D levels|['Low levels of vitamin D', 'Deficient in vitamin D', 'Vitamin D deficiency']|0.0|None|0.0|0.95607316|Table File 0|518.0
