No.|Author, year|Phenotype|AA change|Exon|Age of onset|N|(Refs.)
1|Present study|DFNA20/26|p.Pro32Ser|2|At birth|1 family|
2|Miyagawaetal, 2015|DFNA20/26|p.Gly48Arg|3|First decade|1 family|(7)
3|Verloeset al,1993–2016|DFNA20/26|p.Arg51Asn|3|First decade|1 family|(14)
4|Zhuet al,2003|DFNA20/26|p.Thr89Ile|3|Third decade|3 families|(2)
5|Zhuet al,2003 Miyagawaet al, 2015|DFNA20/26|p.Lys118Asn|3|First-thirddecade|1 family|(2,7)
6|Morínet al,2009|DFNA20/26|p.Lys118Met|3|Second-thirddecade|1 family|(4)
7|Liuet al,2008|DFNA20/26|p.Ile122Val|4|First decade|1 family|(8)
8|Baeket al,2012|DFNA20/26|p.Asp187His|4|First decade (1 yearold)|1 family|(9)
9|Yuanet al,2016|DFNA20/26|p.Lys213Arg|4|Second decade|1 family|(5)
10|Morínet al,2009 Miyagawaet al, 2015|DFNA20/26|p.Glu241Lys|4|First decade|1 family|(4,7)
11|Zhuet al,2003|DFNA20/26|p.Pro264Leu|4|First-seconddecade|1 family|(2)
12|Mutaiet al,2013|DFNA20/26|p.Gly268Ser|4|First-fourthdecade|1 family|(10)
13|van Wijketal, 2003|DFNA20/26|p.Thr278Ile|5|First-seconddecade|1 family|(3)
14|Miyagawaetal, 2015|DFNA20/26|p.Leu299Val|5|Second decade|2 families|(7,11)
15|Parket al,2013|DFNA20/26|p.Met305Thr|5|Third-fourthdecade|1 family|(12)
16|Vonaet al,2014|DFNA20/26|p.Met325Lys|5|At birth|1 family|(13)
17|Zhuet al,2003|DFNA20/26|p.Pro332Ala|6|Second decade|1 family|(2)
18|Rendtorffetal, 2006|DFNA20/26|p.Val370Ala|6|First-seconddecade|1 family|(15)
1|Di Donatoetal, 2016|BWCFF 2|p.Asn12Asp|2||1 patient|(16)
2|Rivièreetal, 2012|BWCFF 2|p.Thr120Ile|3||1 patient|(17)
3|Rivièreetal, 2012 Verloeset al, 2015|BWCFF 2|p.Ala135Val|4||2 patients|(17,18)
4|Poirieretal, 2015|BWCFF 2|p.Met153Ile|4||1 patient|(19)
5|Rivièreetal, 2012|BWCFF 2|p.Ser155Phe|4||3 patients|(17)
6|Di Donatoetal, 2016|BWCFF 2|p.Asp179Tyr|4||1 patient|(16)
7|Rivièreetal, 2012|BWCFF 2|p.Thr203Lys|4||1 patient|(17)
8|Di Donatoetal, 2016 Rivièreet al, 2012|BWCFF 2|p.Arg254Trp|4||2 patients|(16,17)
9|Di Donatoetal, 2016 Rivièreet al, 2012|BWCFF 2|p.Arg256Trp|4||2 patients|(16,17)
10|Di Donatoetal, 2016|BWCFF 2|p.Glu334Gln|6||1 patient|(16)
11|Di Donatoetal, 2016|BWCFF 2|p.Arg335His|6||1 patient|(16)
