context|end|flags|hp_id|index|line|negated|pat_id|relevant|score|section|start
|125.0|{'associated'}|HP:0002037|0.0|DOI: https://www.wjgnet.com/1007-9327/full/v26/i15/1841.htm<br><br><br>Refractory very early-onset inflammatory bowel disease associated with cytosolic isoleucyl-tRNA synthetase deficiency: A case report<br>Advanced Search<br>BPG is committed to discovery and dissemination of knowledge<br>This Article<br>AddThis Sharing ButtonsShare to FacebookFacebookShare to TwitterTwitterShare to E-mailEmailShare to Meer... AddThis<br><h5><br>Academic Content and Language Evaluation of This Article<br><h5><br>CrossCheck and Google Search of This Article<br><h5><br>Academic Rules and Norms of This Article<br><h5><br>Citation of this article<br>Fagbemi A, Newman WG, Tangye SG, Hughes SM, Cheesman E, Arkwright PD.|0.0|None|0.0|1|Unassigned|99.0
|54.0|{'associated'}|HP:0002037|1.0|Refractory very early-onset inflammatory bowel disease associated with cytosolic isoleucyl-tRNA synthetase deficiency: A case report.|0.0|None|0.0|1|Unassigned|28.0
|150.0|set()|HP:0012393|2.0|2020: 26(15): 1841-1846<br><h5><br>Corresponding Author of This Article<br>Peter D Arkwright, MD, PhD, Senior Lecturer, Department of Paediatric Allergy and Immunology, Royal Manchester Children's Hospital, Oxford Road, Manchester M139WL, United Kingdom.|0.0|None|0.0|1|Unassigned|143.0
(c)The Author(s) 2020.. Published by Baishideng Publishing Group Inc. All rights reserved.<br>World J Gastroenterol.. Apr 21, 2020: 26(15): 1841-1846<br>. Published online Apr 21, 2020. doi: 10.3748/wjg.v26.i15.1841<br>Refractory very early-onset inflammatory bowel disease associated with cytosolic isoleucyl-tRNA synthetase deficiency: A case report<br>Andrew Fagbemi, William G Newman, Stuart G Tangye, Stephen M Hughes, Edmund Cheesman, Peter D Arkwright<br>Andrew Fagbemi, Department of Paediatric Gastroenterology, Royal Manchester Children's Hospital, Manchester M199WL, United KingdomWilliam G Newman, Department of Medical Genetics, Manchester University NHS Foundation Trust, Manchester M139WL, United KingdomWilliam G Newman, Evolution and Genomic Sciences, University of Manchester, Manchester M139WL, United KingdomStuart G Tangye, Garvan Institute of Medical Research, Darlinghurst, NSW 2010, AustraliaStuart G Tangye, St Vincent's Clinical School, Faculty of Medicine, UNSW Australia, Sydney, NSW 2010, AustraliaStephen M Hughes, Peter D Arkwright, Department of Paediatric Allergy and Immunology, Royal Manchester Children's Hospital, Manchester M139WL, United KingdomEdmund Cheesman, Department of Paediatric Histopathology, St Mary's Hospital, Manchester M139WL, United KingdomPeter D Arkwright, Lydia Becker Institute of Immunology and Inflammation, University of Manchester, Manchester M139WL, United Kingdom<br>ORCID number: Andrew Fagbemi (0000-0002-3967-3777): William G Newman (0000-0002-6382-4678): Stuart G Tangye (0000-0002-5360-5180): Stephen M Hughes (0000-0001-9985-3908): Edmund Cheesman (0000-0001-5546-6965): Peter D Arkwright (0000-0002-7411-5375).<br>Author contributions:  Arkwright PD and Newman WG led the study concept and design: all authors were involved in acquisition of data: Arkwright PD, Newman WG, Cheesman E and Tangye SG analysed and interpreted the data: Arkwright PD drafted the manuscript and all authors critically reviewed the manuscript.<br>. Informed consent statement:  Informed consent was obtained from the child's parents for the publication of the report.. Conflict-of-interest statement:  The authors have declared no conflicts of interest.|118.0|{'study', 'associated'}|HP:0002037|17.0|Published online Apr 21, 2020. doi: 10.3748/wjg.v26.i15.1841<br>Refractory very early-onset inflammatory bowel disease associated with cytosolic isoleucyl-tRNA synthetase deficiency: A case report<br>Andrew Fagbemi, William G Newman, Stuart G Tangye, Stephen M Hughes, Edmund Cheesman, Peter D Arkwright<br>Andrew Fagbemi, Department of Paediatric Gastroenterology, Royal Manchester Children's Hospital, Manchester M199WL, United KingdomWilliam G Newman, Department of Medical Genetics, Manchester University NHS Foundation Trust, Manchester M139WL, United KingdomWilliam G Newman, Evolution and Genomic Sciences, University of Manchester, Manchester M139WL, United KingdomStuart G Tangye, Garvan Institute of Medical Research, Darlinghurst, NSW 2010, AustraliaStuart G Tangye, St Vincent's Clinical School, Faculty of Medicine, UNSW Australia, Sydney, NSW 2010, AustraliaStephen M Hughes, Peter D Arkwright, Department of Paediatric Allergy and Immunology, Royal Manchester Children's Hospital, Manchester M139WL, United KingdomEdmund Cheesman, Department of Paediatric Histopathology, St Mary's Hospital, Manchester M139WL, United KingdomPeter D Arkwright, Lydia Becker Institute of Immunology and Inflammation, University of Manchester, Manchester M139WL, United Kingdom<br>ORCID number: Andrew Fagbemi (0000-0002-3967-3777): William G Newman (0000-0002-6382-4678): Stuart G Tangye (0000-0002-5360-5180): Stephen M Hughes (0000-0001-9985-3908): Edmund Cheesman (0000-0001-5546-6965): Peter D Arkwright (0000-0002-7411-5375).<br>Author contributions:  Arkwright PD and Newman WG led the study concept and design: all authors were involved in acquisition of data: Arkwright PD, Newman WG, Cheesman E and Tangye SG analysed and interpreted the data: Arkwright PD drafted the manuscript and all authors critically reviewed the manuscript.<br>|0.0|None|0.0|1|Unassigned|92.0
(c)The Author(s) 2020.. Published by Baishideng Publishing Group Inc. All rights reserved.<br>World J Gastroenterol.. Apr 21, 2020: 26(15): 1841-1846<br>. Published online Apr 21, 2020. doi: 10.3748/wjg.v26.i15.1841<br>Refractory very early-onset inflammatory bowel disease associated with cytosolic isoleucyl-tRNA synthetase deficiency: A case report<br>Andrew Fagbemi, William G Newman, Stuart G Tangye, Stephen M Hughes, Edmund Cheesman, Peter D Arkwright<br>Andrew Fagbemi, Department of Paediatric Gastroenterology, Royal Manchester Children's Hospital, Manchester M199WL, United KingdomWilliam G Newman, Department of Medical Genetics, Manchester University NHS Foundation Trust, Manchester M139WL, United KingdomWilliam G Newman, Evolution and Genomic Sciences, University of Manchester, Manchester M139WL, United KingdomStuart G Tangye, Garvan Institute of Medical Research, Darlinghurst, NSW 2010, AustraliaStuart G Tangye, St Vincent's Clinical School, Faculty of Medicine, UNSW Australia, Sydney, NSW 2010, AustraliaStephen M Hughes, Peter D Arkwright, Department of Paediatric Allergy and Immunology, Royal Manchester Children's Hospital, Manchester M139WL, United KingdomEdmund Cheesman, Department of Paediatric Histopathology, St Mary's Hospital, Manchester M139WL, United KingdomPeter D Arkwright, Lydia Becker Institute of Immunology and Inflammation, University of Manchester, Manchester M139WL, United Kingdom<br>ORCID number: Andrew Fagbemi (0000-0002-3967-3777): William G Newman (0000-0002-6382-4678): Stuart G Tangye (0000-0002-5360-5180): Stephen M Hughes (0000-0001-9985-3908): Edmund Cheesman (0000-0001-5546-6965): Peter D Arkwright (0000-0002-7411-5375).<br>Author contributions:  Arkwright PD and Newman WG led the study concept and design: all authors were involved in acquisition of data: Arkwright PD, Newman WG, Cheesman E and Tangye SG analysed and interpreted the data: Arkwright PD drafted the manuscript and all authors critically reviewed the manuscript.<br>. Informed consent statement:  Informed consent was obtained from the child's parents for the publication of the report.. Conflict-of-interest statement:  The authors have declared no conflicts of interest.|936.0|{'study', 'associated'}|HP:0012393|17.0|Published online Apr 21, 2020. doi: 10.3748/wjg.v26.i15.1841<br>Refractory very early-onset inflammatory bowel disease associated with cytosolic isoleucyl-tRNA synthetase deficiency: A case report<br>Andrew Fagbemi, William G Newman, Stuart G Tangye, Stephen M Hughes, Edmund Cheesman, Peter D Arkwright<br>Andrew Fagbemi, Department of Paediatric Gastroenterology, Royal Manchester Children's Hospital, Manchester M199WL, United KingdomWilliam G Newman, Department of Medical Genetics, Manchester University NHS Foundation Trust, Manchester M139WL, United KingdomWilliam G Newman, Evolution and Genomic Sciences, University of Manchester, Manchester M139WL, United KingdomStuart G Tangye, Garvan Institute of Medical Research, Darlinghurst, NSW 2010, AustraliaStuart G Tangye, St Vincent's Clinical School, Faculty of Medicine, UNSW Australia, Sydney, NSW 2010, AustraliaStephen M Hughes, Peter D Arkwright, Department of Paediatric Allergy and Immunology, Royal Manchester Children's Hospital, Manchester M139WL, United KingdomEdmund Cheesman, Department of Paediatric Histopathology, St Mary's Hospital, Manchester M139WL, United KingdomPeter D Arkwright, Lydia Becker Institute of Immunology and Inflammation, University of Manchester, Manchester M139WL, United Kingdom<br>ORCID number: Andrew Fagbemi (0000-0002-3967-3777): William G Newman (0000-0002-6382-4678): Stuart G Tangye (0000-0002-5360-5180): Stephen M Hughes (0000-0001-9985-3908): Edmund Cheesman (0000-0001-5546-6965): Peter D Arkwright (0000-0002-7411-5375).<br>Author contributions:  Arkwright PD and Newman WG led the study concept and design: all authors were involved in acquisition of data: Arkwright PD, Newman WG, Cheesman E and Tangye SG analysed and interpreted the data: Arkwright PD drafted the manuscript and all authors critically reviewed the manuscript.<br>|0.0|None|0.0|1|Unassigned|929.0
CARE Checklist (2016) statement:  The authors have read the CARE Checklist (2016), and the manuscript was prepared and revised according to the CARE Checklist (2016).. Open-Access:  This article is an open-access article that was selected by an in-house editor and fully peer-reviewed by external reviewers.. It is distributed in accordance with the Creative Commons Attribution NonCommercial (CC BY-NC 4.0) license, which permits others to distribute, remix, adapt, build upon this work non-commercially, and license their derivative works on different terms, provided the original work is properly cited and the use is non-commercial.. See: http://creativecommons.org/licenses/by-nc/4.0/Corresponding author:  Peter D Arkwright, MD, PhD, Senior Lecturer, Department of Paediatric Allergy and Immunology, Royal Manchester Children's Hospital, Oxford Road, Manchester M139WL, United Kingdom.. peter.arkwright@manchester.ac.uk<br>. Received: January 6, 2020Peer-review started:  January 6, 2020First decision:  January 19, 2020Revised: March 26, 2020Accepted: April 1, 2020Article in press:  April 1, 2020Published online: April 21, 2020<br><h5><br>|149.0|set()|HP:0012393|23.0|See: http://creativecommons.org/licenses/by-nc/4.0/Corresponding author:  Peter D Arkwright, MD, PhD, Senior Lecturer, Department of Paediatric Allergy and Immunology, Royal Manchester Children's Hospital, Oxford Road, Manchester M139WL, United Kingdom.|0.0|None|0.0|1|Unassigned|142.0
Abstract<br><h5>BACKGROUND</h5>. Aminoacyl tRNA synthetases/ligases (ARSs) are highly conserved enzymes involved in attaching amino acids to tRNA promoting protein synthesis.. Although deficiencies of ARSs localized to the mitochondria classically present with neuropathology, the clinical features of cytosolic ARS deficiencies are more variable.. They have previously been associated with neonatal hepatitis, but never with early-onset inflammatory bowel disease.<br>. <br>. <h5>CASE SUMMARY</h5>|60.0|{'associated', 'previously', 'never'}|HP:0012115|29.0|They have previously been associated with neonatal hepatitis, but never with early-onset inflammatory bowel disease.<br>|0.0|None|0.0|1|BACKGROUND|51.0
Abstract<br><h5>BACKGROUND</h5>. Aminoacyl tRNA synthetases/ligases (ARSs) are highly conserved enzymes involved in attaching amino acids to tRNA promoting protein synthesis.. Although deficiencies of ARSs localized to the mitochondria classically present with neuropathology, the clinical features of cytosolic ARS deficiencies are more variable.. They have previously been associated with neonatal hepatitis, but never with early-onset inflammatory bowel disease.<br>. <br>. <h5>CASE SUMMARY</h5>|115.0|{'associated', 'previously', 'never'}|HP:0002037|29.0|They have previously been associated with neonatal hepatitis, but never with early-onset inflammatory bowel disease.<br>|0.0|None|0.0|1|BACKGROUND|89.0
They have previously been associated with neonatal hepatitis, but never with early-onset inflammatory bowel disease.<br>. <br>. <h5>CASE SUMMARY</h5>. A nine-year-old Bangladeshi boy presented with neonatal liver failure and deranged clotting, transaminitis and cholestasis.. His parents were first cousins.. Two older brothers and a sister were well.|69.0|set()|HP:0001399|32.0|A nine-year-old Bangladeshi boy presented with neonatal liver failure and deranged clotting, transaminitis and cholestasis.|0.0|None|1.0|1|CASE SUMMARY|56.0
They have previously been associated with neonatal hepatitis, but never with early-onset inflammatory bowel disease.<br>. <br>. <h5>CASE SUMMARY</h5>. A nine-year-old Bangladeshi boy presented with neonatal liver failure and deranged clotting, transaminitis and cholestasis.. His parents were first cousins.. Two older brothers and a sister were well.|122.0|set()|HP:0001396|32.0|A nine-year-old Bangladeshi boy presented with neonatal liver failure and deranged clotting, transaminitis and cholestasis.|0.0|None|1.0|1|CASE SUMMARY|111.0
The patient suffered from loose stools from early infancy which became more troublesome and persistent from five years old with ten bloody motions a day.. Repeated endoscopies showed persistent pancolitis, which was refractory to mesalazine, corticosteroids, azathioprine, sirolimus and anti-TNF (adalimumab) therapy, but has improved recently with subcutaneous methotrexate.. Whole Genome Sequencing revealed a novel pathogenic missense variant (c.290A &gt: G) in the cytosolic isoleucyl-tRNA synthetase gene, leading to an amino acid substitution (p. Asp97Gly).. Pathogenic variants in other genes associated with inflammatory bowel disease (IBD) () were excluded.. Cytokine assays demonstrated markedly elevated IL-2, IL-5, IL-13, IL-9 and IL-10 by the patient's CD4 T-cells, while IL-17A, IL-17F, IFNb were lower, and TNFa not significantly different when compared to healthy controls.<br>. <br>|77.0|{'associated'}|HP:0002037|38.0|Pathogenic variants in other genes associated with inflammatory bowel disease (IBD) () were excluded.|0.0|None|1.0|1|CASE SUMMARY|51.0
Repeated endoscopies showed persistent pancolitis, which was refractory to mesalazine, corticosteroids, azathioprine, sirolimus and anti-TNF (adalimumab) therapy, but has improved recently with subcutaneous methotrexate.. Whole Genome Sequencing revealed a novel pathogenic missense variant (c.290A &gt: G) in the cytosolic isoleucyl-tRNA synthetase gene, leading to an amino acid substitution (p. Asp97Gly).. Pathogenic variants in other genes associated with inflammatory bowel disease (IBD) () were excluded.. Cytokine assays demonstrated markedly elevated IL-2, IL-5, IL-13, IL-9 and IL-10 by the patient's CD4 T-cells, while IL-17A, IL-17F, IFNb were lower, and TNFa not significantly different when compared to healthy controls.<br>. <br>. <h5>CONCLUSION</h5>|205.0|{'not'}|HP:0032322|39.0|Cytokine assays demonstrated markedly elevated IL-2, IL-5, IL-13, IL-9 and IL-10 by the patient's CD4 T-cells, while IL-17A, IL-17F, IFNb were lower, and TNFa not significantly different when compared to healthy controls.<br>|0.0|None|1.0|1|CASE SUMMARY|198.0
Cytokine assays demonstrated markedly elevated IL-2, IL-5, IL-13, IL-9 and IL-10 by the patient's CD4 T-cells, while IL-17A, IL-17F, IFNb were lower, and TNFa not significantly different when compared to healthy controls.<br>. <br>. <h5>CONCLUSION</h5>. This case report provides evidence that recessive mutations in cytosolic isoleucyl-tRNA synthetase are a novel monogenic cause of IBD, which should be considered, particularly in infants and children with a history of neonatal hepatitis and very early-onset IBD poorly responsive to treatment.<br>Key Words: Inflammatory bowel disease, Hepatitis, Gene, Cytosolic isoleucine tRNA synthase<br>Core tip: Consider cytosolic isoleucyl-tRNA synthetase in children presenting with neonatal hepatitis and refractory very early-onset inflammatory bowel disease.. This case report provides evidence for a novel monogenic cause of inflammatory bowel disease that should be considered, particularly in patients with very early-onset, poor response to treatment and a history of neonatal hepatitis.<br><h5>INTRODUCTION</h5>. Aminoacyl tRNA synthetases/ligases (ARSs) are a group of 20 ubiquitously expressed, highly conserved enzymes involved in attaching each specific amino acid to a tRNA to promote protein synthesis.|236.0|{'report'}|HP:0012115|42.0|This case report provides evidence that recessive mutations in cytosolic isoleucyl-tRNA synthetase are a novel monogenic cause of IBD, which should be considered, particularly in infants and children with a history of neonatal hepatitis and very early-onset IBD poorly responsive to treatment.<br>Key Words: Inflammatory bowel disease, Hepatitis, Gene, Cytosolic isoleucine tRNA synthase<br>Core tip: Consider cytosolic isoleucyl-tRNA synthetase in children presenting with neonatal hepatitis and refractory very early-onset inflammatory bowel disease.|0.0|None|1.0|1|CONCLUSION|227.0
Cytokine assays demonstrated markedly elevated IL-2, IL-5, IL-13, IL-9 and IL-10 by the patient's CD4 T-cells, while IL-17A, IL-17F, IFNb were lower, and TNFa not significantly different when compared to healthy controls.<br>. <br>. <h5>CONCLUSION</h5>. This case report provides evidence that recessive mutations in cytosolic isoleucyl-tRNA synthetase are a novel monogenic cause of IBD, which should be considered, particularly in infants and children with a history of neonatal hepatitis and very early-onset IBD poorly responsive to treatment.<br>Key Words: Inflammatory bowel disease, Hepatitis, Gene, Cytosolic isoleucine tRNA synthase<br>Core tip: Consider cytosolic isoleucyl-tRNA synthetase in children presenting with neonatal hepatitis and refractory very early-onset inflammatory bowel disease.. This case report provides evidence for a novel monogenic cause of inflammatory bowel disease that should be considered, particularly in patients with very early-onset, poor response to treatment and a history of neonatal hepatitis.<br><h5>INTRODUCTION</h5>. Aminoacyl tRNA synthetases/ligases (ARSs) are a group of 20 ubiquitously expressed, highly conserved enzymes involved in attaching each specific amino acid to a tRNA to promote protein synthesis.|334.0|{'report'}|HP:0002037|42.0|This case report provides evidence that recessive mutations in cytosolic isoleucyl-tRNA synthetase are a novel monogenic cause of IBD, which should be considered, particularly in infants and children with a history of neonatal hepatitis and very early-onset IBD poorly responsive to treatment.<br>Key Words: Inflammatory bowel disease, Hepatitis, Gene, Cytosolic isoleucine tRNA synthase<br>Core tip: Consider cytosolic isoleucyl-tRNA synthetase in children presenting with neonatal hepatitis and refractory very early-onset inflammatory bowel disease.|1.0|None|1.0|1|CONCLUSION|308.0
Cytokine assays demonstrated markedly elevated IL-2, IL-5, IL-13, IL-9 and IL-10 by the patient's CD4 T-cells, while IL-17A, IL-17F, IFNb were lower, and TNFa not significantly different when compared to healthy controls.<br>. <br>. <h5>CONCLUSION</h5>. This case report provides evidence that recessive mutations in cytosolic isoleucyl-tRNA synthetase are a novel monogenic cause of IBD, which should be considered, particularly in infants and children with a history of neonatal hepatitis and very early-onset IBD poorly responsive to treatment.<br>Key Words: Inflammatory bowel disease, Hepatitis, Gene, Cytosolic isoleucine tRNA synthase<br>Core tip: Consider cytosolic isoleucyl-tRNA synthetase in children presenting with neonatal hepatitis and refractory very early-onset inflammatory bowel disease.. This case report provides evidence for a novel monogenic cause of inflammatory bowel disease that should be considered, particularly in patients with very early-onset, poor response to treatment and a history of neonatal hepatitis.<br><h5>INTRODUCTION</h5>. Aminoacyl tRNA synthetases/ligases (ARSs) are a group of 20 ubiquitously expressed, highly conserved enzymes involved in attaching each specific amino acid to a tRNA to promote protein synthesis.|345.0|{'report'}|HP:0012115|42.0|This case report provides evidence that recessive mutations in cytosolic isoleucyl-tRNA synthetase are a novel monogenic cause of IBD, which should be considered, particularly in infants and children with a history of neonatal hepatitis and very early-onset IBD poorly responsive to treatment.<br>Key Words: Inflammatory bowel disease, Hepatitis, Gene, Cytosolic isoleucine tRNA synthase<br>Core tip: Consider cytosolic isoleucyl-tRNA synthetase in children presenting with neonatal hepatitis and refractory very early-onset inflammatory bowel disease.|0.0|None|1.0|1|CONCLUSION|336.0
Cytokine assays demonstrated markedly elevated IL-2, IL-5, IL-13, IL-9 and IL-10 by the patient's CD4 T-cells, while IL-17A, IL-17F, IFNb were lower, and TNFa not significantly different when compared to healthy controls.<br>. <br>. <h5>CONCLUSION</h5>. This case report provides evidence that recessive mutations in cytosolic isoleucyl-tRNA synthetase are a novel monogenic cause of IBD, which should be considered, particularly in infants and children with a history of neonatal hepatitis and very early-onset IBD poorly responsive to treatment.<br>Key Words: Inflammatory bowel disease, Hepatitis, Gene, Cytosolic isoleucine tRNA synthase<br>Core tip: Consider cytosolic isoleucyl-tRNA synthetase in children presenting with neonatal hepatitis and refractory very early-onset inflammatory bowel disease.. This case report provides evidence for a novel monogenic cause of inflammatory bowel disease that should be considered, particularly in patients with very early-onset, poor response to treatment and a history of neonatal hepatitis.<br><h5>INTRODUCTION</h5>. Aminoacyl tRNA synthetases/ligases (ARSs) are a group of 20 ubiquitously expressed, highly conserved enzymes involved in attaching each specific amino acid to a tRNA to promote protein synthesis.|551.0|{'report'}|HP:0002037|42.0|This case report provides evidence that recessive mutations in cytosolic isoleucyl-tRNA synthetase are a novel monogenic cause of IBD, which should be considered, particularly in infants and children with a history of neonatal hepatitis and very early-onset IBD poorly responsive to treatment.<br>Key Words: Inflammatory bowel disease, Hepatitis, Gene, Cytosolic isoleucine tRNA synthase<br>Core tip: Consider cytosolic isoleucyl-tRNA synthetase in children presenting with neonatal hepatitis and refractory very early-onset inflammatory bowel disease.|1.0|None|1.0|1|CONCLUSION|525.0
Cytokine assays demonstrated markedly elevated IL-2, IL-5, IL-13, IL-9 and IL-10 by the patient's CD4 T-cells, while IL-17A, IL-17F, IFNb were lower, and TNFa not significantly different when compared to healthy controls.<br>. <br>. <h5>CONCLUSION</h5>. This case report provides evidence that recessive mutations in cytosolic isoleucyl-tRNA synthetase are a novel monogenic cause of IBD, which should be considered, particularly in infants and children with a history of neonatal hepatitis and very early-onset IBD poorly responsive to treatment.<br>Key Words: Inflammatory bowel disease, Hepatitis, Gene, Cytosolic isoleucine tRNA synthase<br>Core tip: Consider cytosolic isoleucyl-tRNA synthetase in children presenting with neonatal hepatitis and refractory very early-onset inflammatory bowel disease.. This case report provides evidence for a novel monogenic cause of inflammatory bowel disease that should be considered, particularly in patients with very early-onset, poor response to treatment and a history of neonatal hepatitis.<br><h5>INTRODUCTION</h5>. Aminoacyl tRNA synthetases/ligases (ARSs) are a group of 20 ubiquitously expressed, highly conserved enzymes involved in attaching each specific amino acid to a tRNA to promote protein synthesis.|492.0|{'report'}|HP:0012115|42.0|This case report provides evidence that recessive mutations in cytosolic isoleucyl-tRNA synthetase are a novel monogenic cause of IBD, which should be considered, particularly in infants and children with a history of neonatal hepatitis and very early-onset IBD poorly responsive to treatment.<br>Key Words: Inflammatory bowel disease, Hepatitis, Gene, Cytosolic isoleucine tRNA synthase<br>Core tip: Consider cytosolic isoleucyl-tRNA synthetase in children presenting with neonatal hepatitis and refractory very early-onset inflammatory bowel disease.|0.0|None|1.0|1|CONCLUSION|483.0
<br>. <h5>CONCLUSION</h5>. This case report provides evidence that recessive mutations in cytosolic isoleucyl-tRNA synthetase are a novel monogenic cause of IBD, which should be considered, particularly in infants and children with a history of neonatal hepatitis and very early-onset IBD poorly responsive to treatment.<br>Key Words: Inflammatory bowel disease, Hepatitis, Gene, Cytosolic isoleucine tRNA synthase<br>Core tip: Consider cytosolic isoleucyl-tRNA synthetase in children presenting with neonatal hepatitis and refractory very early-onset inflammatory bowel disease.. This case report provides evidence for a novel monogenic cause of inflammatory bowel disease that should be considered, particularly in patients with very early-onset, poor response to treatment and a history of neonatal hepatitis.<br><h5>INTRODUCTION</h5>. Aminoacyl tRNA synthetases/ligases (ARSs) are a group of 20 ubiquitously expressed, highly conserved enzymes involved in attaching each specific amino acid to a tRNA to promote protein synthesis.. ARS deficiencies localized to the mitochondria have been known for 40 years and classically present with lactic acidosis, encephalopathy, failure to thrive and global developmental delay.|92.0|{'report', 'patients'}|HP:0002037|43.0|This case report provides evidence for a novel monogenic cause of inflammatory bowel disease that should be considered, particularly in patients with very early-onset, poor response to treatment and a history of neonatal hepatitis.<br><h5>INTRODUCTION</h5>|0.0|None|0.0|1|INTRODUCTION|66.0
<br>. <h5>CONCLUSION</h5>. This case report provides evidence that recessive mutations in cytosolic isoleucyl-tRNA synthetase are a novel monogenic cause of IBD, which should be considered, particularly in infants and children with a history of neonatal hepatitis and very early-onset IBD poorly responsive to treatment.<br>Key Words: Inflammatory bowel disease, Hepatitis, Gene, Cytosolic isoleucine tRNA synthase<br>Core tip: Consider cytosolic isoleucyl-tRNA synthetase in children presenting with neonatal hepatitis and refractory very early-onset inflammatory bowel disease.. This case report provides evidence for a novel monogenic cause of inflammatory bowel disease that should be considered, particularly in patients with very early-onset, poor response to treatment and a history of neonatal hepatitis.<br><h5>INTRODUCTION</h5>. Aminoacyl tRNA synthetases/ligases (ARSs) are a group of 20 ubiquitously expressed, highly conserved enzymes involved in attaching each specific amino acid to a tRNA to promote protein synthesis.. ARS deficiencies localized to the mitochondria have been known for 40 years and classically present with lactic acidosis, encephalopathy, failure to thrive and global developmental delay.|230.0|{'report', 'patients'}|HP:0012115|43.0|This case report provides evidence for a novel monogenic cause of inflammatory bowel disease that should be considered, particularly in patients with very early-onset, poor response to treatment and a history of neonatal hepatitis.<br><h5>INTRODUCTION</h5>|0.0|None|0.0|1|INTRODUCTION|221.0
This case report provides evidence that recessive mutations in cytosolic isoleucyl-tRNA synthetase are a novel monogenic cause of IBD, which should be considered, particularly in infants and children with a history of neonatal hepatitis and very early-onset IBD poorly responsive to treatment.<br>Key Words: Inflammatory bowel disease, Hepatitis, Gene, Cytosolic isoleucine tRNA synthase<br>Core tip: Consider cytosolic isoleucyl-tRNA synthetase in children presenting with neonatal hepatitis and refractory very early-onset inflammatory bowel disease.. This case report provides evidence for a novel monogenic cause of inflammatory bowel disease that should be considered, particularly in patients with very early-onset, poor response to treatment and a history of neonatal hepatitis.<br><h5>INTRODUCTION</h5>. Aminoacyl tRNA synthetases/ligases (ARSs) are a group of 20 ubiquitously expressed, highly conserved enzymes involved in attaching each specific amino acid to a tRNA to promote protein synthesis.. ARS deficiencies localized to the mitochondria have been known for 40 years and classically present with lactic acidosis, encephalopathy, failure to thrive and global developmental delay.. Clinical features of cytosolic ARS deficiency are more variable.. In 2016, three unrelated individuals harboring compound homozygous variants in cytosolic isoleucyl-tRNA synthetase (IARS) [p.(Arg418)(Ile1174Asn), p.(Arg254)(Pro437Leu) and p.(Val370Gly)(Asn992Asp) (MIM: 600709)] were reported.|120.0|set()|HP:0003128|45.0|ARS deficiencies localized to the mitochondria have been known for 40 years and classically present with lactic acidosis, encephalopathy, failure to thrive and global developmental delay.|0.0|None|0.0|1|INTRODUCTION|105.0
This case report provides evidence that recessive mutations in cytosolic isoleucyl-tRNA synthetase are a novel monogenic cause of IBD, which should be considered, particularly in infants and children with a history of neonatal hepatitis and very early-onset IBD poorly responsive to treatment.<br>Key Words: Inflammatory bowel disease, Hepatitis, Gene, Cytosolic isoleucine tRNA synthase<br>Core tip: Consider cytosolic isoleucyl-tRNA synthetase in children presenting with neonatal hepatitis and refractory very early-onset inflammatory bowel disease.. This case report provides evidence for a novel monogenic cause of inflammatory bowel disease that should be considered, particularly in patients with very early-onset, poor response to treatment and a history of neonatal hepatitis.<br><h5>INTRODUCTION</h5>. Aminoacyl tRNA synthetases/ligases (ARSs) are a group of 20 ubiquitously expressed, highly conserved enzymes involved in attaching each specific amino acid to a tRNA to promote protein synthesis.. ARS deficiencies localized to the mitochondria have been known for 40 years and classically present with lactic acidosis, encephalopathy, failure to thrive and global developmental delay.. Clinical features of cytosolic ARS deficiency are more variable.. In 2016, three unrelated individuals harboring compound homozygous variants in cytosolic isoleucyl-tRNA synthetase (IARS) [p.(Arg418)(Ile1174Asn), p.(Arg254)(Pro437Leu) and p.(Val370Gly)(Asn992Asp) (MIM: 600709)] were reported.|136.0|set()|HP:0001298|45.0|ARS deficiencies localized to the mitochondria have been known for 40 years and classically present with lactic acidosis, encephalopathy, failure to thrive and global developmental delay.|0.0|None|0.0|1|INTRODUCTION|122.0
This case report provides evidence that recessive mutations in cytosolic isoleucyl-tRNA synthetase are a novel monogenic cause of IBD, which should be considered, particularly in infants and children with a history of neonatal hepatitis and very early-onset IBD poorly responsive to treatment.<br>Key Words: Inflammatory bowel disease, Hepatitis, Gene, Cytosolic isoleucine tRNA synthase<br>Core tip: Consider cytosolic isoleucyl-tRNA synthetase in children presenting with neonatal hepatitis and refractory very early-onset inflammatory bowel disease.. This case report provides evidence for a novel monogenic cause of inflammatory bowel disease that should be considered, particularly in patients with very early-onset, poor response to treatment and a history of neonatal hepatitis.<br><h5>INTRODUCTION</h5>. Aminoacyl tRNA synthetases/ligases (ARSs) are a group of 20 ubiquitously expressed, highly conserved enzymes involved in attaching each specific amino acid to a tRNA to promote protein synthesis.. ARS deficiencies localized to the mitochondria have been known for 40 years and classically present with lactic acidosis, encephalopathy, failure to thrive and global developmental delay.. Clinical features of cytosolic ARS deficiency are more variable.. In 2016, three unrelated individuals harboring compound homozygous variants in cytosolic isoleucyl-tRNA synthetase (IARS) [p.(Arg418)(Ile1174Asn), p.(Arg254)(Pro437Leu) and p.(Val370Gly)(Asn992Asp) (MIM: 600709)] were reported.|186.0|set()|HP:0001263|45.0|ARS deficiencies localized to the mitochondria have been known for 40 years and classically present with lactic acidosis, encephalopathy, failure to thrive and global developmental delay.|0.0|None|0.0|1|INTRODUCTION|160.0
This case report provides evidence that recessive mutations in cytosolic isoleucyl-tRNA synthetase are a novel monogenic cause of IBD, which should be considered, particularly in infants and children with a history of neonatal hepatitis and very early-onset IBD poorly responsive to treatment.<br>Key Words: Inflammatory bowel disease, Hepatitis, Gene, Cytosolic isoleucine tRNA synthase<br>Core tip: Consider cytosolic isoleucyl-tRNA synthetase in children presenting with neonatal hepatitis and refractory very early-onset inflammatory bowel disease.. This case report provides evidence for a novel monogenic cause of inflammatory bowel disease that should be considered, particularly in patients with very early-onset, poor response to treatment and a history of neonatal hepatitis.<br><h5>INTRODUCTION</h5>. Aminoacyl tRNA synthetases/ligases (ARSs) are a group of 20 ubiquitously expressed, highly conserved enzymes involved in attaching each specific amino acid to a tRNA to promote protein synthesis.. ARS deficiencies localized to the mitochondria have been known for 40 years and classically present with lactic acidosis, encephalopathy, failure to thrive and global developmental delay.. Clinical features of cytosolic ARS deficiency are more variable.. In 2016, three unrelated individuals harboring compound homozygous variants in cytosolic isoleucyl-tRNA synthetase (IARS) [p.(Arg418)(Ile1174Asn), p.(Arg254)(Pro437Leu) and p.(Val370Gly)(Asn992Asp) (MIM: 600709)] were reported.|155.0|set()|HP:0001508|45.0|ARS deficiencies localized to the mitochondria have been known for 40 years and classically present with lactic acidosis, encephalopathy, failure to thrive and global developmental delay.|0.0|None|0.0|1|INTRODUCTION|138.0
ARS deficiencies localized to the mitochondria have been known for 40 years and classically present with lactic acidosis, encephalopathy, failure to thrive and global developmental delay.. Clinical features of cytosolic ARS deficiency are more variable.. In 2016, three unrelated individuals harboring compound homozygous variants in cytosolic isoleucyl-tRNA synthetase (IARS) [p.(Arg418)(Ile1174Asn), p.(Arg254)(Pro437Leu) and p.(Val370Gly)(Asn992Asp) (MIM: 600709)] were reported.. The patients suffered growth and developmental delay, sensorineural hearing loss, muscular hypotonia, diabetes mellitus, hepatic dysfunction with steatosis and fibrosis, and zinc deficiency.. A further individual with compound heterozygous for the missense substitutions p.(Arg739Cys)(Phe556Ser) with microcephaly, growth and developmental delay and neonatal cholestasis was described in 2017 and a seven year old boy compound heterozygous for p.(Gln671fs)(Thr69Ile) has also been reported with hepatopathy, hypotonia, intellectual disability and growth retardation.. Here, we present a child with cytosolic IARS deficiency, whose main clinical feature was refractory inflammatory bowel disease (IBD), hitherto not previously described in other patients with IARS deficiency.<br>|52.0|{'patients'}|HP:0001263|48.0|The patients suffered growth and developmental delay, sensorineural hearing loss, muscular hypotonia, diabetes mellitus, hepatic dysfunction with steatosis and fibrosis, and zinc deficiency.|0.0|None|0.0|1|INTRODUCTION|33.0
ARS deficiencies localized to the mitochondria have been known for 40 years and classically present with lactic acidosis, encephalopathy, failure to thrive and global developmental delay.. Clinical features of cytosolic ARS deficiency are more variable.. In 2016, three unrelated individuals harboring compound homozygous variants in cytosolic isoleucyl-tRNA synthetase (IARS) [p.(Arg418)(Ile1174Asn), p.(Arg254)(Pro437Leu) and p.(Val370Gly)(Asn992Asp) (MIM: 600709)] were reported.. The patients suffered growth and developmental delay, sensorineural hearing loss, muscular hypotonia, diabetes mellitus, hepatic dysfunction with steatosis and fibrosis, and zinc deficiency.. A further individual with compound heterozygous for the missense substitutions p.(Arg739Cys)(Phe556Ser) with microcephaly, growth and developmental delay and neonatal cholestasis was described in 2017 and a seven year old boy compound heterozygous for p.(Gln671fs)(Thr69Ile) has also been reported with hepatopathy, hypotonia, intellectual disability and growth retardation.. Here, we present a child with cytosolic IARS deficiency, whose main clinical feature was refractory inflammatory bowel disease (IBD), hitherto not previously described in other patients with IARS deficiency.<br>|80.0|{'patients'}|HP:0000407|48.0|The patients suffered growth and developmental delay, sensorineural hearing loss, muscular hypotonia, diabetes mellitus, hepatic dysfunction with steatosis and fibrosis, and zinc deficiency.|0.0|None|0.0|1|INTRODUCTION|54.0
ARS deficiencies localized to the mitochondria have been known for 40 years and classically present with lactic acidosis, encephalopathy, failure to thrive and global developmental delay.. Clinical features of cytosolic ARS deficiency are more variable.. In 2016, three unrelated individuals harboring compound homozygous variants in cytosolic isoleucyl-tRNA synthetase (IARS) [p.(Arg418)(Ile1174Asn), p.(Arg254)(Pro437Leu) and p.(Val370Gly)(Asn992Asp) (MIM: 600709)] were reported.. The patients suffered growth and developmental delay, sensorineural hearing loss, muscular hypotonia, diabetes mellitus, hepatic dysfunction with steatosis and fibrosis, and zinc deficiency.. A further individual with compound heterozygous for the missense substitutions p.(Arg739Cys)(Phe556Ser) with microcephaly, growth and developmental delay and neonatal cholestasis was described in 2017 and a seven year old boy compound heterozygous for p.(Gln671fs)(Thr69Ile) has also been reported with hepatopathy, hypotonia, intellectual disability and growth retardation.. Here, we present a child with cytosolic IARS deficiency, whose main clinical feature was refractory inflammatory bowel disease (IBD), hitherto not previously described in other patients with IARS deficiency.<br>|100.0|{'patients'}|HP:0001252|48.0|The patients suffered growth and developmental delay, sensorineural hearing loss, muscular hypotonia, diabetes mellitus, hepatic dysfunction with steatosis and fibrosis, and zinc deficiency.|0.0|None|0.0|1|INTRODUCTION|82.0
ARS deficiencies localized to the mitochondria have been known for 40 years and classically present with lactic acidosis, encephalopathy, failure to thrive and global developmental delay.. Clinical features of cytosolic ARS deficiency are more variable.. In 2016, three unrelated individuals harboring compound homozygous variants in cytosolic isoleucyl-tRNA synthetase (IARS) [p.(Arg418)(Ile1174Asn), p.(Arg254)(Pro437Leu) and p.(Val370Gly)(Asn992Asp) (MIM: 600709)] were reported.. The patients suffered growth and developmental delay, sensorineural hearing loss, muscular hypotonia, diabetes mellitus, hepatic dysfunction with steatosis and fibrosis, and zinc deficiency.. A further individual with compound heterozygous for the missense substitutions p.(Arg739Cys)(Phe556Ser) with microcephaly, growth and developmental delay and neonatal cholestasis was described in 2017 and a seven year old boy compound heterozygous for p.(Gln671fs)(Thr69Ile) has also been reported with hepatopathy, hypotonia, intellectual disability and growth retardation.. Here, we present a child with cytosolic IARS deficiency, whose main clinical feature was refractory inflammatory bowel disease (IBD), hitherto not previously described in other patients with IARS deficiency.<br>|119.0|{'patients'}|HP:0000819|48.0|The patients suffered growth and developmental delay, sensorineural hearing loss, muscular hypotonia, diabetes mellitus, hepatic dysfunction with steatosis and fibrosis, and zinc deficiency.|0.0|None|0.0|1|INTRODUCTION|102.0
ARS deficiencies localized to the mitochondria have been known for 40 years and classically present with lactic acidosis, encephalopathy, failure to thrive and global developmental delay.. Clinical features of cytosolic ARS deficiency are more variable.. In 2016, three unrelated individuals harboring compound homozygous variants in cytosolic isoleucyl-tRNA synthetase (IARS) [p.(Arg418)(Ile1174Asn), p.(Arg254)(Pro437Leu) and p.(Val370Gly)(Asn992Asp) (MIM: 600709)] were reported.. The patients suffered growth and developmental delay, sensorineural hearing loss, muscular hypotonia, diabetes mellitus, hepatic dysfunction with steatosis and fibrosis, and zinc deficiency.. A further individual with compound heterozygous for the missense substitutions p.(Arg739Cys)(Phe556Ser) with microcephaly, growth and developmental delay and neonatal cholestasis was described in 2017 and a seven year old boy compound heterozygous for p.(Gln671fs)(Thr69Ile) has also been reported with hepatopathy, hypotonia, intellectual disability and growth retardation.. Here, we present a child with cytosolic IARS deficiency, whose main clinical feature was refractory inflammatory bowel disease (IBD), hitherto not previously described in other patients with IARS deficiency.<br>|155.0|{'patients'}|HP:0001397|48.0|The patients suffered growth and developmental delay, sensorineural hearing loss, muscular hypotonia, diabetes mellitus, hepatic dysfunction with steatosis and fibrosis, and zinc deficiency.|0.0|None|0.0|1|INTRODUCTION|146.0
Clinical features of cytosolic ARS deficiency are more variable.. In 2016, three unrelated individuals harboring compound homozygous variants in cytosolic isoleucyl-tRNA synthetase (IARS) [p.(Arg418)(Ile1174Asn), p.(Arg254)(Pro437Leu) and p.(Val370Gly)(Asn992Asp) (MIM: 600709)] were reported.. The patients suffered growth and developmental delay, sensorineural hearing loss, muscular hypotonia, diabetes mellitus, hepatic dysfunction with steatosis and fibrosis, and zinc deficiency.. A further individual with compound heterozygous for the missense substitutions p.(Arg739Cys)(Phe556Ser) with microcephaly, growth and developmental delay and neonatal cholestasis was described in 2017 and a seven year old boy compound heterozygous for p.(Gln671fs)(Thr69Ile) has also been reported with hepatopathy, hypotonia, intellectual disability and growth retardation.. Here, we present a child with cytosolic IARS deficiency, whose main clinical feature was refractory inflammatory bowel disease (IBD), hitherto not previously described in other patients with IARS deficiency.<br>. <h5>CASE PRESENTATION</h5>|121.0|set()|HP:0000252|49.0|A further individual with compound heterozygous for the missense substitutions p.(Arg739Cys)(Phe556Ser) with microcephaly, growth and developmental delay and neonatal cholestasis was described in 2017 and a seven year old boy compound heterozygous for p.(Gln671fs)(Thr69Ile) has also been reported with hepatopathy, hypotonia, intellectual disability and growth retardation.|0.0|None|0.0|1|INTRODUCTION|109.0
Clinical features of cytosolic ARS deficiency are more variable.. In 2016, three unrelated individuals harboring compound homozygous variants in cytosolic isoleucyl-tRNA synthetase (IARS) [p.(Arg418)(Ile1174Asn), p.(Arg254)(Pro437Leu) and p.(Val370Gly)(Asn992Asp) (MIM: 600709)] were reported.. The patients suffered growth and developmental delay, sensorineural hearing loss, muscular hypotonia, diabetes mellitus, hepatic dysfunction with steatosis and fibrosis, and zinc deficiency.. A further individual with compound heterozygous for the missense substitutions p.(Arg739Cys)(Phe556Ser) with microcephaly, growth and developmental delay and neonatal cholestasis was described in 2017 and a seven year old boy compound heterozygous for p.(Gln671fs)(Thr69Ile) has also been reported with hepatopathy, hypotonia, intellectual disability and growth retardation.. Here, we present a child with cytosolic IARS deficiency, whose main clinical feature was refractory inflammatory bowel disease (IBD), hitherto not previously described in other patients with IARS deficiency.<br>. <h5>CASE PRESENTATION</h5>|178.0|set()|HP:0001396|49.0|A further individual with compound heterozygous for the missense substitutions p.(Arg739Cys)(Phe556Ser) with microcephaly, growth and developmental delay and neonatal cholestasis was described in 2017 and a seven year old boy compound heterozygous for p.(Gln671fs)(Thr69Ile) has also been reported with hepatopathy, hypotonia, intellectual disability and growth retardation.|0.0|None|0.0|1|INTRODUCTION|167.0
Clinical features of cytosolic ARS deficiency are more variable.. In 2016, three unrelated individuals harboring compound homozygous variants in cytosolic isoleucyl-tRNA synthetase (IARS) [p.(Arg418)(Ile1174Asn), p.(Arg254)(Pro437Leu) and p.(Val370Gly)(Asn992Asp) (MIM: 600709)] were reported.. The patients suffered growth and developmental delay, sensorineural hearing loss, muscular hypotonia, diabetes mellitus, hepatic dysfunction with steatosis and fibrosis, and zinc deficiency.. A further individual with compound heterozygous for the missense substitutions p.(Arg739Cys)(Phe556Ser) with microcephaly, growth and developmental delay and neonatal cholestasis was described in 2017 and a seven year old boy compound heterozygous for p.(Gln671fs)(Thr69Ile) has also been reported with hepatopathy, hypotonia, intellectual disability and growth retardation.. Here, we present a child with cytosolic IARS deficiency, whose main clinical feature was refractory inflammatory bowel disease (IBD), hitherto not previously described in other patients with IARS deficiency.<br>. <h5>CASE PRESENTATION</h5>|153.0|set()|HP:0001263|49.0|A further individual with compound heterozygous for the missense substitutions p.(Arg739Cys)(Phe556Ser) with microcephaly, growth and developmental delay and neonatal cholestasis was described in 2017 and a seven year old boy compound heterozygous for p.(Gln671fs)(Thr69Ile) has also been reported with hepatopathy, hypotonia, intellectual disability and growth retardation.|0.0|None|0.0|1|INTRODUCTION|134.0
Clinical features of cytosolic ARS deficiency are more variable.. In 2016, three unrelated individuals harboring compound homozygous variants in cytosolic isoleucyl-tRNA synthetase (IARS) [p.(Arg418)(Ile1174Asn), p.(Arg254)(Pro437Leu) and p.(Val370Gly)(Asn992Asp) (MIM: 600709)] were reported.. The patients suffered growth and developmental delay, sensorineural hearing loss, muscular hypotonia, diabetes mellitus, hepatic dysfunction with steatosis and fibrosis, and zinc deficiency.. A further individual with compound heterozygous for the missense substitutions p.(Arg739Cys)(Phe556Ser) with microcephaly, growth and developmental delay and neonatal cholestasis was described in 2017 and a seven year old boy compound heterozygous for p.(Gln671fs)(Thr69Ile) has also been reported with hepatopathy, hypotonia, intellectual disability and growth retardation.. Here, we present a child with cytosolic IARS deficiency, whose main clinical feature was refractory inflammatory bowel disease (IBD), hitherto not previously described in other patients with IARS deficiency.<br>. <h5>CASE PRESENTATION</h5>|325.0|set()|HP:0001290|49.0|A further individual with compound heterozygous for the missense substitutions p.(Arg739Cys)(Phe556Ser) with microcephaly, growth and developmental delay and neonatal cholestasis was described in 2017 and a seven year old boy compound heterozygous for p.(Gln671fs)(Thr69Ile) has also been reported with hepatopathy, hypotonia, intellectual disability and growth retardation.|0.0|None|0.0|1|INTRODUCTION|316.0
Clinical features of cytosolic ARS deficiency are more variable.. In 2016, three unrelated individuals harboring compound homozygous variants in cytosolic isoleucyl-tRNA synthetase (IARS) [p.(Arg418)(Ile1174Asn), p.(Arg254)(Pro437Leu) and p.(Val370Gly)(Asn992Asp) (MIM: 600709)] were reported.. The patients suffered growth and developmental delay, sensorineural hearing loss, muscular hypotonia, diabetes mellitus, hepatic dysfunction with steatosis and fibrosis, and zinc deficiency.. A further individual with compound heterozygous for the missense substitutions p.(Arg739Cys)(Phe556Ser) with microcephaly, growth and developmental delay and neonatal cholestasis was described in 2017 and a seven year old boy compound heterozygous for p.(Gln671fs)(Thr69Ile) has also been reported with hepatopathy, hypotonia, intellectual disability and growth retardation.. Here, we present a child with cytosolic IARS deficiency, whose main clinical feature was refractory inflammatory bowel disease (IBD), hitherto not previously described in other patients with IARS deficiency.<br>. <h5>CASE PRESENTATION</h5>|350.0|set()|HP:0001249|49.0|A further individual with compound heterozygous for the missense substitutions p.(Arg739Cys)(Phe556Ser) with microcephaly, growth and developmental delay and neonatal cholestasis was described in 2017 and a seven year old boy compound heterozygous for p.(Gln671fs)(Thr69Ile) has also been reported with hepatopathy, hypotonia, intellectual disability and growth retardation.|0.0|None|0.0|1|INTRODUCTION|327.0
Clinical features of cytosolic ARS deficiency are more variable.. In 2016, three unrelated individuals harboring compound homozygous variants in cytosolic isoleucyl-tRNA synthetase (IARS) [p.(Arg418)(Ile1174Asn), p.(Arg254)(Pro437Leu) and p.(Val370Gly)(Asn992Asp) (MIM: 600709)] were reported.. The patients suffered growth and developmental delay, sensorineural hearing loss, muscular hypotonia, diabetes mellitus, hepatic dysfunction with steatosis and fibrosis, and zinc deficiency.. A further individual with compound heterozygous for the missense substitutions p.(Arg739Cys)(Phe556Ser) with microcephaly, growth and developmental delay and neonatal cholestasis was described in 2017 and a seven year old boy compound heterozygous for p.(Gln671fs)(Thr69Ile) has also been reported with hepatopathy, hypotonia, intellectual disability and growth retardation.. Here, we present a child with cytosolic IARS deficiency, whose main clinical feature was refractory inflammatory bowel disease (IBD), hitherto not previously described in other patients with IARS deficiency.<br>. <h5>CASE PRESENTATION</h5>|373.0|set()|HP:0001510|49.0|A further individual with compound heterozygous for the missense substitutions p.(Arg739Cys)(Phe556Ser) with microcephaly, growth and developmental delay and neonatal cholestasis was described in 2017 and a seven year old boy compound heterozygous for p.(Gln671fs)(Thr69Ile) has also been reported with hepatopathy, hypotonia, intellectual disability and growth retardation.|0.0|None|0.0|1|INTRODUCTION|355.0
In 2016, three unrelated individuals harboring compound homozygous variants in cytosolic isoleucyl-tRNA synthetase (IARS) [p.(Arg418)(Ile1174Asn), p.(Arg254)(Pro437Leu) and p.(Val370Gly)(Asn992Asp) (MIM: 600709)] were reported.. The patients suffered growth and developmental delay, sensorineural hearing loss, muscular hypotonia, diabetes mellitus, hepatic dysfunction with steatosis and fibrosis, and zinc deficiency.. A further individual with compound heterozygous for the missense substitutions p.(Arg739Cys)(Phe556Ser) with microcephaly, growth and developmental delay and neonatal cholestasis was described in 2017 and a seven year old boy compound heterozygous for p.(Gln671fs)(Thr69Ile) has also been reported with hepatopathy, hypotonia, intellectual disability and growth retardation.. Here, we present a child with cytosolic IARS deficiency, whose main clinical feature was refractory inflammatory bowel disease (IBD), hitherto not previously described in other patients with IARS deficiency.<br>. <h5>CASE PRESENTATION</h5>. <h5>Chief complaints</h5>|126.0|{'not', 'patients', 'previously'}|HP:0002037|50.0|Here, we present a child with cytosolic IARS deficiency, whose main clinical feature was refractory inflammatory bowel disease (IBD), hitherto not previously described in other patients with IARS deficiency.<br>|0.0|None|0.0|1|INTRODUCTION|100.0
Here, we present a child with cytosolic IARS deficiency, whose main clinical feature was refractory inflammatory bowel disease (IBD), hitherto not previously described in other patients with IARS deficiency.<br>. <h5>CASE PRESENTATION</h5>. <h5>Chief complaints</h5>. A nine-year-old Bangladeshi boy born in the United Kingdom presented with poor feeding, weight loss, drowsiness due to neonatal liver failure with deranged clotting, transaminitis and cholestasis.<br>. <h5>History of present illness</h5>. The patient suffered from loose stools from early infancy and was commenced on an amino acid formula from the age of two months with initial improvement.|86.0|set()|HP:0011968|53.0|A nine-year-old Bangladeshi boy born in the United Kingdom presented with poor feeding, weight loss, drowsiness due to neonatal liver failure with deranged clotting, transaminitis and cholestasis.<br>|0.0|None|1.0|1|Chief complaints|74.0
Here, we present a child with cytosolic IARS deficiency, whose main clinical feature was refractory inflammatory bowel disease (IBD), hitherto not previously described in other patients with IARS deficiency.<br>. <h5>CASE PRESENTATION</h5>. <h5>Chief complaints</h5>. A nine-year-old Bangladeshi boy born in the United Kingdom presented with poor feeding, weight loss, drowsiness due to neonatal liver failure with deranged clotting, transaminitis and cholestasis.<br>. <h5>History of present illness</h5>. The patient suffered from loose stools from early infancy and was commenced on an amino acid formula from the age of two months with initial improvement.|99.0|set()|HP:0001824|53.0|A nine-year-old Bangladeshi boy born in the United Kingdom presented with poor feeding, weight loss, drowsiness due to neonatal liver failure with deranged clotting, transaminitis and cholestasis.<br>|0.0|None|1.0|1|Chief complaints|88.0
Here, we present a child with cytosolic IARS deficiency, whose main clinical feature was refractory inflammatory bowel disease (IBD), hitherto not previously described in other patients with IARS deficiency.<br>. <h5>CASE PRESENTATION</h5>. <h5>Chief complaints</h5>. A nine-year-old Bangladeshi boy born in the United Kingdom presented with poor feeding, weight loss, drowsiness due to neonatal liver failure with deranged clotting, transaminitis and cholestasis.<br>. <h5>History of present illness</h5>. The patient suffered from loose stools from early infancy and was commenced on an amino acid formula from the age of two months with initial improvement.|111.0|set()|HP:0002329|53.0|A nine-year-old Bangladeshi boy born in the United Kingdom presented with poor feeding, weight loss, drowsiness due to neonatal liver failure with deranged clotting, transaminitis and cholestasis.<br>|0.0|None|1.0|1|Chief complaints|101.0
Here, we present a child with cytosolic IARS deficiency, whose main clinical feature was refractory inflammatory bowel disease (IBD), hitherto not previously described in other patients with IARS deficiency.<br>. <h5>CASE PRESENTATION</h5>. <h5>Chief complaints</h5>. A nine-year-old Bangladeshi boy born in the United Kingdom presented with poor feeding, weight loss, drowsiness due to neonatal liver failure with deranged clotting, transaminitis and cholestasis.<br>. <h5>History of present illness</h5>. The patient suffered from loose stools from early infancy and was commenced on an amino acid formula from the age of two months with initial improvement.|141.0|set()|HP:0001399|53.0|A nine-year-old Bangladeshi boy born in the United Kingdom presented with poor feeding, weight loss, drowsiness due to neonatal liver failure with deranged clotting, transaminitis and cholestasis.<br>|0.0|None|1.0|1|Chief complaints|128.0
Here, we present a child with cytosolic IARS deficiency, whose main clinical feature was refractory inflammatory bowel disease (IBD), hitherto not previously described in other patients with IARS deficiency.<br>. <h5>CASE PRESENTATION</h5>. <h5>Chief complaints</h5>. A nine-year-old Bangladeshi boy born in the United Kingdom presented with poor feeding, weight loss, drowsiness due to neonatal liver failure with deranged clotting, transaminitis and cholestasis.<br>. <h5>History of present illness</h5>. The patient suffered from loose stools from early infancy and was commenced on an amino acid formula from the age of two months with initial improvement.|195.0|set()|HP:0001396|53.0|A nine-year-old Bangladeshi boy born in the United Kingdom presented with poor feeding, weight loss, drowsiness due to neonatal liver failure with deranged clotting, transaminitis and cholestasis.<br>|0.0|None|1.0|1|Chief complaints|184.0
A nine-year-old Bangladeshi boy born in the United Kingdom presented with poor feeding, weight loss, drowsiness due to neonatal liver failure with deranged clotting, transaminitis and cholestasis.<br>. <h5>History of present illness</h5>. The patient suffered from loose stools from early infancy and was commenced on an amino acid formula from the age of two months with initial improvement.. His diarrhea has been much more troublesome since the age of five years old with ten bloody stools a day.<br>. <h5>History of past illness</h5>. The patient was free from other medical history.<br>|12.0|set()|HP:0002014|56.0|His diarrhea has been much more troublesome since the age of five years old with ten bloody stools a day.<br>|0.0|None|1.0|1|History of present illness|4.0
A nine-year-old Bangladeshi boy born in the United Kingdom presented with poor feeding, weight loss, drowsiness due to neonatal liver failure with deranged clotting, transaminitis and cholestasis.<br>. <h5>History of present illness</h5>. The patient suffered from loose stools from early infancy and was commenced on an amino acid formula from the age of two months with initial improvement.. His diarrhea has been much more troublesome since the age of five years old with ten bloody stools a day.<br>. <h5>History of past illness</h5>. The patient was free from other medical history.<br>|98.0|set()|HP:0025085|56.0|His diarrhea has been much more troublesome since the age of five years old with ten bloody stools a day.<br>|0.0|None|1.0|1|History of present illness|85.0
Two older brothers and a sister were well.<br>. <h5>Physical examination</h5>. On examination, he was microcephalic, with normal weight, height and gross motor development.. He was clubbed with mild hepatomegaly.<br>. <h5>Laboratory examinations</h5>. Serum orosomucoid concentration was persistently raised [1736-2685 mg/L (normal range 300-1200 mg/L)], as was his ESR [28-140 mm/h (normal range 4-10 mm/h)].|14.0|set()|HP:0001217|64.0|He was clubbed with mild hepatomegaly.<br>|0.0|None|1.0|1|Physical examination|7.0
Two older brothers and a sister were well.<br>. <h5>Physical examination</h5>. On examination, he was microcephalic, with normal weight, height and gross motor development.. He was clubbed with mild hepatomegaly.<br>. <h5>Laboratory examinations</h5>. Serum orosomucoid concentration was persistently raised [1736-2685 mg/L (normal range 300-1200 mg/L)], as was his ESR [28-140 mm/h (normal range 4-10 mm/h)].|37.0|set()|HP:0002240|64.0|He was clubbed with mild hepatomegaly.<br>|0.0|None|1.0|1|Physical examination|25.0
Fecal calprotectin is intermittently elevated (peak 393 mcg/g), although the latest level is normal at 50 mcg/g.. Plasma zinc concentration was normal at 17.2 mol/L (10-18 mol/L).<br>. <h5>Imaging examinations</h5>. Abdominal ultrasound showed no signs of hepatosplenomegaly, but the liver had diffusely increased echogenicity consistent with fatty change, possibly related to weight gain associated with chronic corticosteroid use.<br>. <h5>Further diagnostic work-up</h5>. Liver biopsy showed hydropic degeneration of hepatocytes (Figure 1A).|58.0|{'associated', 'signs', 'no'}|HP:0001433|72.0|Abdominal ultrasound showed no signs of hepatosplenomegaly, but the liver had diffusely increased echogenicity consistent with fatty change, possibly related to weight gain associated with chronic corticosteroid use.<br>|1.0|None|1.0|1|Imaging examinations|40.0
Fecal calprotectin is intermittently elevated (peak 393 mcg/g), although the latest level is normal at 50 mcg/g.. Plasma zinc concentration was normal at 17.2 mol/L (10-18 mol/L).<br>. <h5>Imaging examinations</h5>. Abdominal ultrasound showed no signs of hepatosplenomegaly, but the liver had diffusely increased echogenicity consistent with fatty change, possibly related to weight gain associated with chronic corticosteroid use.<br>. <h5>Further diagnostic work-up</h5>. Liver biopsy showed hydropic degeneration of hepatocytes (Figure 1A).|172.0|{'associated', 'signs', 'no'}|HP:0004324|72.0|Abdominal ultrasound showed no signs of hepatosplenomegaly, but the liver had diffusely increased echogenicity consistent with fatty change, possibly related to weight gain associated with chronic corticosteroid use.<br>|0.0|None|1.0|1|Imaging examinations|161.0
<h5>Further diagnostic work-up</h5>. Liver biopsy showed hydropic degeneration of hepatocytes (Figure 1A).. There was no evidence of mitochondrial DNA depletion and plasma lactate was normal.. Repeated endoscopy at 6, 7 and 8 years old showed persistent chronic inflammation in the cecum, and pancolitis with diffuse inflammation, superficial ulceration, distortion of the crypt architecture and crypt abscess formation, in a distribution similar to that found in ulcerative colitis (Figure 1B).. There were no inflammatory changes in the esophagus, stomach and duodenum, nor were there any granuloma to suggest Crohn's disease.<br>Figure 1 Histology and blood leukocyte cytokine profile of patient with cytosolic isoleucyl-tRNA synthetase deficiency.<br>A: Liver histology showing hydropic change, but no classic apoptosis of the hepatocytes: B: Pancolitis, with diffuse increase in inflammatory cells, cryptitis and crypt abscess formation.. High power insert: A few apoptotic epithelial cells seen, but within normal limits, c/cytokine profile: C: Cytokine secretion from peripheral blood leukocytes of patient with isoleucyl-tRNA synthetase deficiency compared with healthy donor.|216.0|set()|HP:0025615|76.0|Repeated endoscopy at 6, 7 and 8 years old showed persistent chronic inflammation in the cecum, and pancolitis with diffuse inflammation, superficial ulceration, distortion of the crypt architecture and crypt abscess formation, in a distribution similar to that found in ulcerative colitis (Figure 1B).|0.0|None|1.0|1|Further diagnostic work-up|209.0
<h5>Further diagnostic work-up</h5>. Liver biopsy showed hydropic degeneration of hepatocytes (Figure 1A).. There was no evidence of mitochondrial DNA depletion and plasma lactate was normal.. Repeated endoscopy at 6, 7 and 8 years old showed persistent chronic inflammation in the cecum, and pancolitis with diffuse inflammation, superficial ulceration, distortion of the crypt architecture and crypt abscess formation, in a distribution similar to that found in ulcerative colitis (Figure 1B).. There were no inflammatory changes in the esophagus, stomach and duodenum, nor were there any granuloma to suggest Crohn's disease.<br>Figure 1 Histology and blood leukocyte cytokine profile of patient with cytosolic isoleucyl-tRNA synthetase deficiency.<br>A: Liver histology showing hydropic change, but no classic apoptosis of the hepatocytes: B: Pancolitis, with diffuse increase in inflammatory cells, cryptitis and crypt abscess formation.. High power insert: A few apoptotic epithelial cells seen, but within normal limits, c/cytokine profile: C: Cytokine secretion from peripheral blood leukocytes of patient with isoleucyl-tRNA synthetase deficiency compared with healthy donor.|289.0|set()|HP:0100279|76.0|Repeated endoscopy at 6, 7 and 8 years old showed persistent chronic inflammation in the cecum, and pancolitis with diffuse inflammation, superficial ulceration, distortion of the crypt architecture and crypt abscess formation, in a distribution similar to that found in ulcerative colitis (Figure 1B).|0.0|None|1.0|1|Further diagnostic work-up|271.0
Liver biopsy showed hydropic degeneration of hepatocytes (Figure 1A).. There was no evidence of mitochondrial DNA depletion and plasma lactate was normal.. Repeated endoscopy at 6, 7 and 8 years old showed persistent chronic inflammation in the cecum, and pancolitis with diffuse inflammation, superficial ulceration, distortion of the crypt architecture and crypt abscess formation, in a distribution similar to that found in ulcerative colitis (Figure 1B).. There were no inflammatory changes in the esophagus, stomach and duodenum, nor were there any granuloma to suggest Crohn's disease.<br>Figure 1 Histology and blood leukocyte cytokine profile of patient with cytosolic isoleucyl-tRNA synthetase deficiency.<br>A: Liver histology showing hydropic change, but no classic apoptosis of the hepatocytes: B: Pancolitis, with diffuse increase in inflammatory cells, cryptitis and crypt abscess formation.. High power insert: A few apoptotic epithelial cells seen, but within normal limits, c/cytokine profile: C: Cytokine secretion from peripheral blood leukocytes of patient with isoleucyl-tRNA synthetase deficiency compared with healthy donor.. HD: Healthy donor: IARS: Isoleucyl-tRNA synthetase.<br>In view of the very early-onset of the disease and its poor response to immunosuppres-sive medication, an underlying genetic cause was considered.|103.0|{'suggest', 'no'}|HP:0032252|77.0|There were no inflammatory changes in the esophagus, stomach and duodenum, nor were there any granuloma to suggest Crohn's disease.<br>Figure 1 Histology and blood leukocyte cytokine profile of patient with cytosolic isoleucyl-tRNA synthetase deficiency.<br>A: Liver histology showing hydropic change, but no classic apoptosis of the hepatocytes: B: Pancolitis, with diffuse increase in inflammatory cells, cryptitis and crypt abscess formation.|1.0|None|1.0|1|Further diagnostic work-up|94.0
Liver biopsy showed hydropic degeneration of hepatocytes (Figure 1A).. There was no evidence of mitochondrial DNA depletion and plasma lactate was normal.. Repeated endoscopy at 6, 7 and 8 years old showed persistent chronic inflammation in the cecum, and pancolitis with diffuse inflammation, superficial ulceration, distortion of the crypt architecture and crypt abscess formation, in a distribution similar to that found in ulcerative colitis (Figure 1B).. There were no inflammatory changes in the esophagus, stomach and duodenum, nor were there any granuloma to suggest Crohn's disease.<br>Figure 1 Histology and blood leukocyte cytokine profile of patient with cytosolic isoleucyl-tRNA synthetase deficiency.<br>A: Liver histology showing hydropic change, but no classic apoptosis of the hepatocytes: B: Pancolitis, with diffuse increase in inflammatory cells, cryptitis and crypt abscess formation.. High power insert: A few apoptotic epithelial cells seen, but within normal limits, c/cytokine profile: C: Cytokine secretion from peripheral blood leukocytes of patient with isoleucyl-tRNA synthetase deficiency compared with healthy donor.. HD: Healthy donor: IARS: Isoleucyl-tRNA synthetase.<br>In view of the very early-onset of the disease and its poor response to immunosuppres-sive medication, an underlying genetic cause was considered.|130.0|{'suggest', 'no'}|HP:0100280|77.0|There were no inflammatory changes in the esophagus, stomach and duodenum, nor were there any granuloma to suggest Crohn's disease.<br>Figure 1 Histology and blood leukocyte cytokine profile of patient with cytosolic isoleucyl-tRNA synthetase deficiency.<br>A: Liver histology showing hydropic change, but no classic apoptosis of the hepatocytes: B: Pancolitis, with diffuse increase in inflammatory cells, cryptitis and crypt abscess formation.|0.0|None|1.0|1|Further diagnostic work-up|115.0
Liver biopsy showed hydropic degeneration of hepatocytes (Figure 1A).. There was no evidence of mitochondrial DNA depletion and plasma lactate was normal.. Repeated endoscopy at 6, 7 and 8 years old showed persistent chronic inflammation in the cecum, and pancolitis with diffuse inflammation, superficial ulceration, distortion of the crypt architecture and crypt abscess formation, in a distribution similar to that found in ulcerative colitis (Figure 1B).. There were no inflammatory changes in the esophagus, stomach and duodenum, nor were there any granuloma to suggest Crohn's disease.<br>Figure 1 Histology and blood leukocyte cytokine profile of patient with cytosolic isoleucyl-tRNA synthetase deficiency.<br>A: Liver histology showing hydropic change, but no classic apoptosis of the hepatocytes: B: Pancolitis, with diffuse increase in inflammatory cells, cryptitis and crypt abscess formation.. High power insert: A few apoptotic epithelial cells seen, but within normal limits, c/cytokine profile: C: Cytokine secretion from peripheral blood leukocytes of patient with isoleucyl-tRNA synthetase deficiency compared with healthy donor.. HD: Healthy donor: IARS: Isoleucyl-tRNA synthetase.<br>In view of the very early-onset of the disease and its poor response to immunosuppres-sive medication, an underlying genetic cause was considered.|433.0|{'suggest', 'no'}|HP:0025615|77.0|There were no inflammatory changes in the esophagus, stomach and duodenum, nor were there any granuloma to suggest Crohn's disease.<br>Figure 1 Histology and blood leukocyte cytokine profile of patient with cytosolic isoleucyl-tRNA synthetase deficiency.<br>A: Liver histology showing hydropic change, but no classic apoptosis of the hepatocytes: B: Pancolitis, with diffuse increase in inflammatory cells, cryptitis and crypt abscess formation.|0.0|None|1.0|1|Further diagnostic work-up|426.0
There was no evidence of mitochondrial DNA depletion and plasma lactate was normal.. Repeated endoscopy at 6, 7 and 8 years old showed persistent chronic inflammation in the cecum, and pancolitis with diffuse inflammation, superficial ulceration, distortion of the crypt architecture and crypt abscess formation, in a distribution similar to that found in ulcerative colitis (Figure 1B).. There were no inflammatory changes in the esophagus, stomach and duodenum, nor were there any granuloma to suggest Crohn's disease.<br>Figure 1 Histology and blood leukocyte cytokine profile of patient with cytosolic isoleucyl-tRNA synthetase deficiency.<br>A: Liver histology showing hydropic change, but no classic apoptosis of the hepatocytes: B: Pancolitis, with diffuse increase in inflammatory cells, cryptitis and crypt abscess formation.. High power insert: A few apoptotic epithelial cells seen, but within normal limits, c/cytokine profile: C: Cytokine secretion from peripheral blood leukocytes of patient with isoleucyl-tRNA synthetase deficiency compared with healthy donor.. HD: Healthy donor: IARS: Isoleucyl-tRNA synthetase.<br>In view of the very early-onset of the disease and its poor response to immunosuppres-sive medication, an underlying genetic cause was considered.. Whole genome sequencing performed as part of the United Kingdom 100000 Genome Project revealed a homozygous c.290A &gt: G, p.(Asp97Gly) variant in cytosolic IARS (encoded by IARS1, NM_013417).|231.0|{'normal'}|HP:0032322|78.0|High power insert: A few apoptotic epithelial cells seen, but within normal limits, c/cytokine profile: C: Cytokine secretion from peripheral blood leukocytes of patient with isoleucyl-tRNA synthetase deficiency compared with healthy donor.|0.0|None|1.0|1|Further diagnostic work-up|224.0
Repeated endoscopy at 6, 7 and 8 years old showed persistent chronic inflammation in the cecum, and pancolitis with diffuse inflammation, superficial ulceration, distortion of the crypt architecture and crypt abscess formation, in a distribution similar to that found in ulcerative colitis (Figure 1B).. There were no inflammatory changes in the esophagus, stomach and duodenum, nor were there any granuloma to suggest Crohn's disease.<br>Figure 1 Histology and blood leukocyte cytokine profile of patient with cytosolic isoleucyl-tRNA synthetase deficiency.<br>A: Liver histology showing hydropic change, but no classic apoptosis of the hepatocytes: B: Pancolitis, with diffuse increase in inflammatory cells, cryptitis and crypt abscess formation.. High power insert: A few apoptotic epithelial cells seen, but within normal limits, c/cytokine profile: C: Cytokine secretion from peripheral blood leukocytes of patient with isoleucyl-tRNA synthetase deficiency compared with healthy donor.. HD: Healthy donor: IARS: Isoleucyl-tRNA synthetase.<br>In view of the very early-onset of the disease and its poor response to immunosuppres-sive medication, an underlying genetic cause was considered.. Whole genome sequencing performed as part of the United Kingdom 100000 Genome Project revealed a homozygous c.290A &gt: G, p.(Asp97Gly) variant in cytosolic IARS (encoded by IARS1, NM_013417).. Parents were both heterozygous as were two unaffected siblings with the other unaffected sibling wild type.|11.0|set()|HP:0032322|79.0|HD: Healthy donor: IARS: Isoleucyl-tRNA synthetase.<br>In view of the very early-onset of the disease and its poor response to immunosuppres-sive medication, an underlying genetic cause was considered.|1.0|None|1.0|1|Further diagnostic work-up|4.0
High power insert: A few apoptotic epithelial cells seen, but within normal limits, c/cytokine profile: C: Cytokine secretion from peripheral blood leukocytes of patient with isoleucyl-tRNA synthetase deficiency compared with healthy donor.. HD: Healthy donor: IARS: Isoleucyl-tRNA synthetase.<br>In view of the very early-onset of the disease and its poor response to immunosuppres-sive medication, an underlying genetic cause was considered.. Whole genome sequencing performed as part of the United Kingdom 100000 Genome Project revealed a homozygous c.290A &gt: G, p.(Asp97Gly) variant in cytosolic IARS (encoded by IARS1, NM_013417).. Parents were both heterozygous as were two unaffected siblings with the other unaffected sibling wild type.. The variant was absent in the gnomAD database of about 140000 controls and scored by  predictors (MutationTaster 0.99: CADD score 32) to be pathogenic.. The aspartic acid residue at this position is conserved to  and the variant lies in the IleRS core domain, where other disease causing variants have been identified.|88.0|{'parents', 'sibling'}|HP:0032321|81.0|Parents were both heterozygous as were two unaffected siblings with the other unaffected sibling wild type.|0.0|None|1.0|1|Further diagnostic work-up|78.0
High power insert: A few apoptotic epithelial cells seen, but within normal limits, c/cytokine profile: C: Cytokine secretion from peripheral blood leukocytes of patient with isoleucyl-tRNA synthetase deficiency compared with healthy donor.. HD: Healthy donor: IARS: Isoleucyl-tRNA synthetase.<br>In view of the very early-onset of the disease and its poor response to immunosuppres-sive medication, an underlying genetic cause was considered.. Whole genome sequencing performed as part of the United Kingdom 100000 Genome Project revealed a homozygous c.290A &gt: G, p.(Asp97Gly) variant in cytosolic IARS (encoded by IARS1, NM_013417).. Parents were both heterozygous as were two unaffected siblings with the other unaffected sibling wild type.. The variant was absent in the gnomAD database of about 140000 controls and scored by  predictors (MutationTaster 0.99: CADD score 32) to be pathogenic.. The aspartic acid residue at this position is conserved to  and the variant lies in the IleRS core domain, where other disease causing variants have been identified.|53.0|{'parents', 'sibling'}|HP:0032321|81.0|Parents were both heterozygous as were two unaffected siblings with the other unaffected sibling wild type.|0.0|None|1.0|1|Further diagnostic work-up|43.0
Whole genome sequencing performed as part of the United Kingdom 100000 Genome Project revealed a homozygous c.290A &gt: G, p.(Asp97Gly) variant in cytosolic IARS (encoded by IARS1, NM_013417).. Parents were both heterozygous as were two unaffected siblings with the other unaffected sibling wild type.. The variant was absent in the gnomAD database of about 140000 controls and scored by  predictors (MutationTaster 0.99: CADD score 32) to be pathogenic.. The aspartic acid residue at this position is conserved to  and the variant lies in the IleRS core domain, where other disease causing variants have been identified.. Variants in other genes associated with IBD () were screened and no potentially pathogenic variants were found.<br>. Immune phenotyping was determined by flow cytometry.|93.0|set()|HP:0002595|83.0|The aspartic acid residue at this position is conserved to  and the variant lies in the IleRS core domain, where other disease causing variants have been identified.|0.0|None|1.0|1|Further diagnostic work-up|88.0
Greater than 60% of the patient's CD4 and CD8 T cells were of a naive phenotype, reflecting the young age of the patient.. T-cells, total B-cells as well as B-cell subsets (transitional, naive, memory, class switching) were within normal range.. Release of Th1, Th2, Th17 and Treg pathway cytokines (IL-2, IL-4, IL-5, IL-9, IL-10, IL-13, IL-17A, IL-17F, TNFa and IFNb) that may be deranged in IBD were assayed by cytometric bead array (Becton Dickinson) after 5-d stimulation of purified memory CD4+ T cells with anti-CD2/CD3/CD28 monoclonal antibodies.. Secretion of some inflammatory (IL-2, IL-5, IL-13, IL-9) and immune regulatory (IL-10) cytokines by the patient memory CD4 T-cells was markedly elevated, while IL-17A, IL-17F, IFNb were lower and TNFa not significantly different compared to healthy donors (Figure 1C).<br>. <h5>FINAL DIAGNOSIS</h5>. Transient neonatal hepatitis and refractory very early-onset IBD due to cytosolic isoleucyl-tRNA synthetase.<br>|242.0|{'not'}|HP:0032322|90.0|Secretion of some inflammatory (IL-2, IL-5, IL-13, IL-9) and immune regulatory (IL-10) cytokines by the patient memory CD4 T-cells was markedly elevated, while IL-17A, IL-17F, IFNb were lower and TNFa not significantly different compared to healthy donors (Figure 1C).<br>|0.0|None|1.0|1|Further diagnostic work-up|235.0
Release of Th1, Th2, Th17 and Treg pathway cytokines (IL-2, IL-4, IL-5, IL-9, IL-10, IL-13, IL-17A, IL-17F, TNFa and IFNb) that may be deranged in IBD were assayed by cytometric bead array (Becton Dickinson) after 5-d stimulation of purified memory CD4+ T cells with anti-CD2/CD3/CD28 monoclonal antibodies.. Secretion of some inflammatory (IL-2, IL-5, IL-13, IL-9) and immune regulatory (IL-10) cytokines by the patient memory CD4 T-cells was markedly elevated, while IL-17A, IL-17F, IFNb were lower and TNFa not significantly different compared to healthy donors (Figure 1C).<br>. <h5>FINAL DIAGNOSIS</h5>. Transient neonatal hepatitis and refractory very early-onset IBD due to cytosolic isoleucyl-tRNA synthetase.<br>. <h5>TREATMENT</h5>. His IBD was refractory to additional zinc supplementation, as well as immune modulation with mesalazine, corticosteroids, azathioprine, sirolimus and anti-TNF therapy (adalimumab).|28.0|set()|HP:0012115|92.0|Transient neonatal hepatitis and refractory very early-onset IBD due to cytosolic isoleucyl-tRNA synthetase.<br>|0.0|None|1.0|1|FINAL DIAGNOSIS|19.0
His IBD was refractory to additional zinc supplementation, as well as immune modulation with mesalazine, corticosteroids, azathioprine, sirolimus and anti-TNF therapy (adalimumab).. Recent treatment with subcutaneous methotrexate has led to reduction in his stool frequency to 4 - 5 stools/d with no blood or mucous.<br>. <h5>OUTCOME AND FOLLOW-UP</h5>. Nine-year-old boy with chronic IBD (ten bloody watery stools/day and abdominal pain) despite normal plasma zinc concentration and most standard immune modulatory therapy.. His symptoms have recently improved with the addition of subcutaneous methotrexate.. Vedolizumab infusions are being considered as a further steroid-sparing immunomodulator.|83.0|{'normal'}|HP:0002027|97.0|Nine-year-old boy with chronic IBD (ten bloody watery stools/day and abdominal pain) despite normal plasma zinc concentration and most standard immune modulatory therapy.|0.0|None|1.0|1|OUTCOME AND FOLLOW-UP|69.0
It is possible that there are defects in cell turnover and resultant barrier dysfunction of gut mucosa leading to microbe-induced inflammation particularly in the colon.. Broad-spectrum antibiotics may help for severe exacerbations.<br>. <h5>CONCLUSION</h5>. This case report provides evidence for a novel monogenic cause of IBD that should be considered, particularly in patients with very early-onset, poor response to treatment and a history of neonatal hepatitis.<br>. <h5>ACKNOWLEDGEMENTS</h5>. This research was made possible through access to data generated by the 100000 Genomes Project: http://www.genomicsengland.co.uk.|207.0|{'report', 'patients'}|HP:0012115|114.0|This case report provides evidence for a novel monogenic cause of IBD that should be considered, particularly in patients with very early-onset, poor response to treatment and a history of neonatal hepatitis.<br>|0.0|None|1.0|1|CONCLUSION|198.0
</span></td>. <td>. <span><b>Schwartzentruber J</b>,Buhas D,Majewski J,Sasarman F,Papillon-Cavanagh S,Thiffault I,Sheldon KM,Massicotte C,Patry L,Simon M,Zare AS,McKernan KJ:FORGE Canada Consortium, Michaud J, Boles RG, Deal CL, Desilets V, Shoubridge EA, Samuels ME.. Mutation in the nuclear-encoded mitochondrial isoleucyl-tRNA synthetase IARS2 in patients with cataracts, growth hormone deficiency with short stature, partial sensorineural deafness, and peripheral neuropathy or with Leigh syndrome.</span>. <span>. <em>Hum Mutat</em>.|104.0|{'patients'}|HP:0000518|6.0|Mutation in the nuclear-encoded mitochondrial isoleucyl-tRNA synthetase IARS2 in patients with cataracts, growth hormone deficiency with short stature, partial sensorineural deafness, and peripheral neuropathy or with Leigh syndrome.</span>|0.0|None|0.0|1|Table File 4|95.0
</span></td>. <td>. <span><b>Schwartzentruber J</b>,Buhas D,Majewski J,Sasarman F,Papillon-Cavanagh S,Thiffault I,Sheldon KM,Massicotte C,Patry L,Simon M,Zare AS,McKernan KJ:FORGE Canada Consortium, Michaud J, Boles RG, Deal CL, Desilets V, Shoubridge EA, Samuels ME.. Mutation in the nuclear-encoded mitochondrial isoleucyl-tRNA synthetase IARS2 in patients with cataracts, growth hormone deficiency with short stature, partial sensorineural deafness, and peripheral neuropathy or with Leigh syndrome.</span>. <span>. <em>Hum Mutat</em>.|131.0|{'patients'}|HP:0000824|6.0|Mutation in the nuclear-encoded mitochondrial isoleucyl-tRNA synthetase IARS2 in patients with cataracts, growth hormone deficiency with short stature, partial sensorineural deafness, and peripheral neuropathy or with Leigh syndrome.</span>|0.0|None|0.0|1|Table File 4|106.0
</span></td>. <td>. <span><b>Schwartzentruber J</b>,Buhas D,Majewski J,Sasarman F,Papillon-Cavanagh S,Thiffault I,Sheldon KM,Massicotte C,Patry L,Simon M,Zare AS,McKernan KJ:FORGE Canada Consortium, Michaud J, Boles RG, Deal CL, Desilets V, Shoubridge EA, Samuels ME.. Mutation in the nuclear-encoded mitochondrial isoleucyl-tRNA synthetase IARS2 in patients with cataracts, growth hormone deficiency with short stature, partial sensorineural deafness, and peripheral neuropathy or with Leigh syndrome.</span>. <span>. <em>Hum Mutat</em>.|150.0|{'patients'}|HP:0004322|6.0|Mutation in the nuclear-encoded mitochondrial isoleucyl-tRNA synthetase IARS2 in patients with cataracts, growth hormone deficiency with short stature, partial sensorineural deafness, and peripheral neuropathy or with Leigh syndrome.</span>|0.0|None|0.0|1|Table File 4|137.0
</span></td>. <td>. <span><b>Schwartzentruber J</b>,Buhas D,Majewski J,Sasarman F,Papillon-Cavanagh S,Thiffault I,Sheldon KM,Massicotte C,Patry L,Simon M,Zare AS,McKernan KJ:FORGE Canada Consortium, Michaud J, Boles RG, Deal CL, Desilets V, Shoubridge EA, Samuels ME.. Mutation in the nuclear-encoded mitochondrial isoleucyl-tRNA synthetase IARS2 in patients with cataracts, growth hormone deficiency with short stature, partial sensorineural deafness, and peripheral neuropathy or with Leigh syndrome.</span>. <span>. <em>Hum Mutat</em>.|182.0|{'patients'}|HP:0000407|6.0|Mutation in the nuclear-encoded mitochondrial isoleucyl-tRNA synthetase IARS2 in patients with cataracts, growth hormone deficiency with short stature, partial sensorineural deafness, and peripheral neuropathy or with Leigh syndrome.</span>|0.0|None|0.0|1|Table File 4|160.0
</span></td>. <td>. <span><b>Schwartzentruber J</b>,Buhas D,Majewski J,Sasarman F,Papillon-Cavanagh S,Thiffault I,Sheldon KM,Massicotte C,Patry L,Simon M,Zare AS,McKernan KJ:FORGE Canada Consortium, Michaud J, Boles RG, Deal CL, Desilets V, Shoubridge EA, Samuels ME.. Mutation in the nuclear-encoded mitochondrial isoleucyl-tRNA synthetase IARS2 in patients with cataracts, growth hormone deficiency with short stature, partial sensorineural deafness, and peripheral neuropathy or with Leigh syndrome.</span>. <span>. <em>Hum Mutat</em>.|209.0|{'patients'}|HP:0009830|6.0|Mutation in the nuclear-encoded mitochondrial isoleucyl-tRNA synthetase IARS2 in patients with cataracts, growth hormone deficiency with short stature, partial sensorineural deafness, and peripheral neuropathy or with Leigh syndrome.</span>|0.0|None|0.0|1|Table File 4|188.0
"<td style=""vertical-align:top:width:30px:""><span class=""article-ref-vol"">3.. </span></td>. <td>. <span><b>Kopajtich R</b>,Murayama K,Janecke AR,Haack TB,Breuer M,Knisely AS,Harting I,Ohashi T,Okazaki Y,Watanabe D,Tokuzawa Y,Kotzaeridou U,Klker S,Sauer S,Carl M,Straub S,Entenmann A,Gizewski E,Feichtinger RG,Mayr JA,Lackner K,Strom TM,Meitinger T,Mller T,Ohtake A,Hoffmann GF,Prokisch H,Staufner C.Biallelic IARS Mutations Cause Growth Retardation with Prenatal Onset, Intellectual Disability, Muscular Hypotonia, and Infantile Hepatopathy.</span>. <span>. <em>Am J Hum Genet</em>."|395.0|set()|HP:0001511|5.0|<span><b>Kopajtich R</b>,Murayama K,Janecke AR,Haack TB,Breuer M,Knisely AS,Harting I,Ohashi T,Okazaki Y,Watanabe D,Tokuzawa Y,Kotzaeridou U,Klker S,Sauer S,Carl M,Straub S,Entenmann A,Gizewski E,Feichtinger RG,Mayr JA,Lackner K,Strom TM,Meitinger T,Mller T,Ohtake A,Hoffmann GF,Prokisch H,Staufner C.Biallelic IARS Mutations Cause Growth Retardation with Prenatal Onset, Intellectual Disability, Muscular Hypotonia, and Infantile Hepatopathy.</span>|0.0|None|0.0|1|Table File 5|357.0
"<td style=""vertical-align:top:width:30px:""><span class=""article-ref-vol"">3.. </span></td>. <td>. <span><b>Kopajtich R</b>,Murayama K,Janecke AR,Haack TB,Breuer M,Knisely AS,Harting I,Ohashi T,Okazaki Y,Watanabe D,Tokuzawa Y,Kotzaeridou U,Klker S,Sauer S,Carl M,Straub S,Entenmann A,Gizewski E,Feichtinger RG,Mayr JA,Lackner K,Strom TM,Meitinger T,Mller T,Ohtake A,Hoffmann GF,Prokisch H,Staufner C.Biallelic IARS Mutations Cause Growth Retardation with Prenatal Onset, Intellectual Disability, Muscular Hypotonia, and Infantile Hepatopathy.</span>. <span>. <em>Am J Hum Genet</em>."|420.0|set()|HP:0001249|5.0|<span><b>Kopajtich R</b>,Murayama K,Janecke AR,Haack TB,Breuer M,Knisely AS,Harting I,Ohashi T,Okazaki Y,Watanabe D,Tokuzawa Y,Kotzaeridou U,Klker S,Sauer S,Carl M,Straub S,Entenmann A,Gizewski E,Feichtinger RG,Mayr JA,Lackner K,Strom TM,Meitinger T,Mller T,Ohtake A,Hoffmann GF,Prokisch H,Staufner C.Biallelic IARS Mutations Cause Growth Retardation with Prenatal Onset, Intellectual Disability, Muscular Hypotonia, and Infantile Hepatopathy.</span>|0.0|None|0.0|1|Table File 5|397.0
"<td style=""vertical-align:top:width:30px:""><span class=""article-ref-vol"">3.. </span></td>. <td>. <span><b>Kopajtich R</b>,Murayama K,Janecke AR,Haack TB,Breuer M,Knisely AS,Harting I,Ohashi T,Okazaki Y,Watanabe D,Tokuzawa Y,Kotzaeridou U,Klker S,Sauer S,Carl M,Straub S,Entenmann A,Gizewski E,Feichtinger RG,Mayr JA,Lackner K,Strom TM,Meitinger T,Mller T,Ohtake A,Hoffmann GF,Prokisch H,Staufner C.Biallelic IARS Mutations Cause Growth Retardation with Prenatal Onset, Intellectual Disability, Muscular Hypotonia, and Infantile Hepatopathy.</span>. <span>. <em>Am J Hum Genet</em>."|440.0|set()|HP:0001252|5.0|<span><b>Kopajtich R</b>,Murayama K,Janecke AR,Haack TB,Breuer M,Knisely AS,Harting I,Ohashi T,Okazaki Y,Watanabe D,Tokuzawa Y,Kotzaeridou U,Klker S,Sauer S,Carl M,Straub S,Entenmann A,Gizewski E,Feichtinger RG,Mayr JA,Lackner K,Strom TM,Meitinger T,Mller T,Ohtake A,Hoffmann GF,Prokisch H,Staufner C.Biallelic IARS Mutations Cause Growth Retardation with Prenatal Onset, Intellectual Disability, Muscular Hypotonia, and Infantile Hepatopathy.</span>|0.0|None|0.0|1|Table File 5|422.0
"<td style=""vertical-align:top:width:30px:""><span class=""article-ref-vol"">4.. </span></td>. <td>. <span><b>Orenstein N</b>,Weiss K,Oprescu SN,Shapira R,Kidron D,Vanagaite-Basel L,Antonellis A,Muenke M.Bi-allelic IARS mutations in a child with intra-uterine growth retardation, neonatal cholestasis, and mild developmental delay.</span>. <span>. <em>Clin Genet</em>."|181.0|set()|HP:0001511|5.0|<span><b>Orenstein N</b>,Weiss K,Oprescu SN,Shapira R,Kidron D,Vanagaite-Basel L,Antonellis A,Muenke M.Bi-allelic IARS mutations in a child with intra-uterine growth retardation, neonatal cholestasis, and mild developmental delay.</span>|0.0|None|0.0|1|Table File 6|150.0
"<td style=""vertical-align:top:width:30px:""><span class=""article-ref-vol"">4.. </span></td>. <td>. <span><b>Orenstein N</b>,Weiss K,Oprescu SN,Shapira R,Kidron D,Vanagaite-Basel L,Antonellis A,Muenke M.Bi-allelic IARS mutations in a child with intra-uterine growth retardation, neonatal cholestasis, and mild developmental delay.</span>. <span>. <em>Clin Genet</em>."|203.0|set()|HP:0001396|5.0|<span><b>Orenstein N</b>,Weiss K,Oprescu SN,Shapira R,Kidron D,Vanagaite-Basel L,Antonellis A,Muenke M.Bi-allelic IARS mutations in a child with intra-uterine growth retardation, neonatal cholestasis, and mild developmental delay.</span>|0.0|None|0.0|1|Table File 6|192.0
"<td style=""vertical-align:top:width:30px:""><span class=""article-ref-vol"">4.. </span></td>. <td>. <span><b>Orenstein N</b>,Weiss K,Oprescu SN,Shapira R,Kidron D,Vanagaite-Basel L,Antonellis A,Muenke M.Bi-allelic IARS mutations in a child with intra-uterine growth retardation, neonatal cholestasis, and mild developmental delay.</span>. <span>. <em>Clin Genet</em>."|233.0|set()|HP:0001263|5.0|<span><b>Orenstein N</b>,Weiss K,Oprescu SN,Shapira R,Kidron D,Vanagaite-Basel L,Antonellis A,Muenke M.Bi-allelic IARS mutations in a child with intra-uterine growth retardation, neonatal cholestasis, and mild developmental delay.</span>|0.0|None|0.0|1|Table File 6|214.0
"<td style=""vertical-align:top:width:30px:""><span class=""article-ref-vol"">6.. </span></td>. <td>. <span><b>Smigiel R</b>,Biela M,Biernacka A,Stembalska A,Sasiadek M,Kosinska J,Rydzanicz M,Ploski R.New evidence for association of recessive IARS gene mutations with hepatopathy, hypotonia, intellectual disability and growth retardation.</span>. <span>. <em>Clin Genet</em>."|194.0|{'association'}|HP:0001290|5.0|<span><b>Smigiel R</b>,Biela M,Biernacka A,Stembalska A,Sasiadek M,Kosinska J,Rydzanicz M,Ploski R.New evidence for association of recessive IARS gene mutations with hepatopathy, hypotonia, intellectual disability and growth retardation.</span>|0.0|None|0.0|1|Table File 8|185.0
"<td style=""vertical-align:top:width:30px:""><span class=""article-ref-vol"">6.. </span></td>. <td>. <span><b>Smigiel R</b>,Biela M,Biernacka A,Stembalska A,Sasiadek M,Kosinska J,Rydzanicz M,Ploski R.New evidence for association of recessive IARS gene mutations with hepatopathy, hypotonia, intellectual disability and growth retardation.</span>. <span>. <em>Clin Genet</em>."|219.0|{'association'}|HP:0001249|5.0|<span><b>Smigiel R</b>,Biela M,Biernacka A,Stembalska A,Sasiadek M,Kosinska J,Rydzanicz M,Ploski R.New evidence for association of recessive IARS gene mutations with hepatopathy, hypotonia, intellectual disability and growth retardation.</span>|0.0|None|0.0|1|Table File 8|196.0
"<td style=""vertical-align:top:width:30px:""><span class=""article-ref-vol"">6.. </span></td>. <td>. <span><b>Smigiel R</b>,Biela M,Biernacka A,Stembalska A,Sasiadek M,Kosinska J,Rydzanicz M,Ploski R.New evidence for association of recessive IARS gene mutations with hepatopathy, hypotonia, intellectual disability and growth retardation.</span>. <span>. <em>Clin Genet</em>."|242.0|{'association'}|HP:0001510|5.0|<span><b>Smigiel R</b>,Biela M,Biernacka A,Stembalska A,Sasiadek M,Kosinska J,Rydzanicz M,Ploski R.New evidence for association of recessive IARS gene mutations with hepatopathy, hypotonia, intellectual disability and growth retardation.</span>|0.0|None|0.0|1|Table File 8|224.0
"<td style=""vertical-align:top:width:30px:""><span class=""article-ref-vol"">7.. </span></td>. <td>. <span><b>Lu J</b>,Bergert M,Walther A,Suter B.Double-sieving-defective aminoacyl-tRNA synthetase causes protein mistranslation and affects cellular physiology and development.</span>. <span>. <em>Nat Commun</em>."|141.0|set()|HP:0032320|5.0|<span><b>Lu J</b>,Bergert M,Walther A,Suter B.Double-sieving-defective aminoacyl-tRNA synthetase causes protein mistranslation and affects cellular physiology and development.</span>|0.0|None|0.0|1|Table File 9|134.0
